"id","title","category","rental_count","rank"
103,"Bucket Brotherhood","Travel",34,1
738,"Rocketeer Mother","Foreign",33,2
767,"Scalawag Duck","Music",32,3
730,"Ridgemont Submarine","New",32,4
489,"Juggler Hardly","Animation",32,5
382,"Grit Clockwork","Games",32,6
331,"Forward Temple","Games",32,7
621,"Network Peak","Family",31,8
31,"Apache Divine","Family",31,9
1000,"Zorro Ark","Comedy",31,10
973,"Wife Turn","Documentary",31,11
891,"Timberland Sky","Classics",31,12
735,"Robbers Joon","Children",31,13
418,"Hobbit Alien","Drama",31,14
753,"Rush Goodfellas","Family",31,15
369,"Goodfellas Salute","Sci-Fi",31,16
559,"Married Go","Sci-Fi",30,17
374,"Graffiti Love","Sci-Fi",30,18
979,"Witches Panic","Drama",30,19
789,"Shock Cabin","Foreign",30,20
702,"Pulp Beverly","Horror",30,21
869,"Suspects Quills","Action",30,22
285,"English Bulworth","Sci-Fi",30,23
403,"Harry Idaho","Drama",30,24
109,"Butterfly Chocolat","New",30,25
341,"Frost Head","Classics",30,26
127,"Cat Coneheads","Comedy",30,27
450,"Idols Snatchers","Children",30,28
563,"Massacre Usual","Games",30,29
239,"Dogma Family","Animation",30,30
609,"Muscle Bright","Travel",30,31
748,"Rugrats Shakespeare","Action",30,32
941,"Videotape Arsenic","Games",29,33
86,"Boogie Amelie","Music",29,34
220,"Deer Virginian","Music",29,35
174,"Confidential Interview","Music",29,36
875,"Talented Homicide","Sports",29,37
893,"Titans Jerk","Sci-Fi",29,38
301,"Family Sweet","Horror",29,39
361,"Gleaming Jawbreaker","Sports",29,40
378,"Greatest North","Music",29,41
73,"Bingo Talented","Sci-Fi",29,42
284,"Enemy Odds","Music",29,43
849,"Storm Happiness","Animation",29,44
873,"Sweethearts Suspects","Children",29,45
595,"Moon Bunch","Foreign",29,46
945,"Virginian Pluto","Documentary",29,47
745,"Roses Treasure","Sports",28,48
395,"Handicap Boondock","Action",28,49
356,"Giant Troopers","Children",28,50
358,"Gilmore Boiled","Classics",28,51
911,"Trip Newton","Action",28,52
295,"Expendable Stallion","Documentary",28,53
764,"Saturday Lambs","Sports",28,54
159,"Closer Bang","Comedy",28,55
951,"Voyage Legally","Classics",28,56
305,"Fatal Haunted","New",28,57
850,"Story Side","Action",28,58
434,"Horror Reign","Travel",27,59
78,"Blackout Private","Animation",27,60
244,"Dorado Notting","Music",27,61
697,"Primary Glass","Action",27,62
349,"Gangs Pride","Animation",27,63
468,"Invasion Cyclone","Children",27,64
531,"Lose Inch","Foreign",27,65
603,"Movie Shakespeare","Family",27,66
698,"Princess Giant","Documentary",27,67
206,"Dancing Fever","Documentary",27,68
879,"Telegraph Voyage","Music",27,69
200,"Curtain Videotape","Games",27,70
114,"Camelot Vacation","Sci-Fi",27,71
958,"Wardrobe Phantom","Drama",27,72
897,"Torque Bound","Drama",27,73
367,"Goldmine Tycoon","Sci-Fi",27,74
638,"Operation Operation","Comedy",27,75
715,"Range Moonwalker","Family",27,76
835,"Spy Mile","Games",27,77
228,"Detective Vision","Classics",27,78
521,"Lies Treatment","Drama",27,79
330,"Forrester Comancheros","Animation",27,80
135,"Chance Resurrection","Sports",27,81
870,"Swarm Gold","Horror",27,82
625,"None Spiking","Sci-Fi",27,83
525,"Loathing Legally","Classics",27,84
572,"Metropolis Coma","Sci-Fi",26,85
938,"Velvet Terminator","Comedy",26,86
471,"Island Exorcist","Classics",26,87
838,"Stagecoach Armageddon","Action",26,88
687,"Pocus Pulp","Documentary",26,89
901,"Tracy Cider","Animation",26,90
460,"Innocent Usual","Foreign",26,91
391,"Half Outfield","Family",26,92
397,"Hanky October","Sci-Fi",26,93
101,"Brotherhood Blanket","Documentary",26,94
303,"Fantasy Troopers","Action",26,95
167,"Coma Head","Travel",26,96
773,"Seabiscuit Punk","Sports",26,97
307,"Fellowship Autumn","Travel",26,98
263,"Durham Panky","Sports",26,99
670,"Pelican Comforts","Documentary",26,100
970,"Westward Seabiscuit","Classics",26,101
445,"Hyde Doctor","Classics",26,102
554,"Malkovich Pet","Classics",26,103
12,"Alaska Phantom","Music",26,104
181,"Contact Anonymous","Travel",26,105
683,"Pity Bound","Drama",26,106
890,"Tights Dawn","Sports",26,107
234,"Disturbing Scarface","Sci-Fi",26,108
162,"Clueless Bucket","Action",25,109
856,"Streetcar Intentions","Horror",25,110
760,"Samurai Lion","New",25,111
154,"Clash Freddy","Animation",25,112
571,"Metal Armageddon","Documentary",25,113
55,"Barbarella Streetcar","Sci-Fi",25,114
319,"Fish Opus","Sci-Fi",25,115
247,"Downhill Enough","Comedy",25,116
273,"Effect Gladiator","Family",25,117
172,"Coneheads Smoochy","Drama",25,118
644,"Oscar Gold","Animation",25,119
266,"Dynamite Tarzan","Classics",25,120
863,"Sun Confessions","Sci-Fi",25,121
555,"Mallrats United","Comedy",25,122
417,"Hills Neighbors","Action",25,123
791,"Show Lord","Documentary",25,124
245,"Double Wrath","Animation",25,125
545,"Madness Attacks","Foreign",25,126
880,"Telemark Heartbreakers","Animation",25,127
288,"Escape Metropolis","Travel",25,128
624,"Nightmare Chill","Games",25,129
309,"Feud Frogmen","Family",25,130
902,"Trading Pinocchio","Sports",25,131
387,"Gun Bonnie","Games",25,132
989,"Working Microcosmos","Travel",25,133
895,"Tomorrow Hustler","Classics",25,134
786,"Shepherd Midsummer","Children",25,135
476,"Jason Trap","Family",24,136
650,"Pacific Amistad","Documentary",24,137
775,"Seattle Expecations","Drama",24,138
804,"Sleeping Suspects","Horror",24,139
130,"Celebrity Horn","Action",24,140
366,"Goldfinger Sensibility","Drama",24,141
641,"Orange Grapes","Foreign",24,142
502,"Knock Warlock","Comedy",24,143
11,"Alamo Videotape","Foreign",24,144
790,"Shootist Superfly","Drama",24,145
649,"Oz Liaisons","Animation",24,146
119,"Caper Motions","Comedy",24,147
131,"Center Dinosaur","Classics",24,148
447,"Ice Crossing","Games",24,149
45,"Attraction Newton","New",24,150
810,"Slums Duck","Family",24,151
91,"Bound Cheaper","Classics",24,152
852,"Strangelove Desire","Children",24,153
253,"Drifter Commandments","Action",24,154
491,"Jumping Wrath","Children",24,155
551,"Maiden Home","New",24,156
35,"Arachnophobia Rollercoaster","Horror",24,157
388,"Gunfight Moon","Comedy",24,158
304,"Fargo Gandhi","Children",24,159
43,"Atlantis Cause","Family",24,160
527,"Lola Agent","Horror",24,161
166,"Color Philadelphia","Classics",24,162
741,"Roman Punk","Music",24,163
586,"Mockingbird Hollywood","Action",24,164
433,"Horn Working","Animation",24,165
865,"Sunrise League","Animation",24,166
966,"Wedding Apollo","Documentary",24,167
443,"Hurricane Affair","Comedy",24,168
117,"Candles Grapes","Games",23,169
857,"Strictly Scarface","Comedy",23,170
51,"Balloon Homeward","Music",23,171
199,"Cupboard Sinners","Documentary",23,172
353,"Gentlemen Stage","Foreign",23,173
122,"Carrie Bunch","Horror",23,174
327,"Fool Mockingbird","Action",23,175
504,"Kwai Homeward","Drama",23,176
982,"Women Dorado","Action",23,177
334,"Freddy Storm","Horror",23,178
892,"Titanic Boondock","Animation",23,179
645,"Others Soup","Travel",23,180
270,"Earth Vision","New",23,181
816,"Snowman Rollercoaster","Animation",23,182
665,"Patton Interview","Horror",23,183
1,"Academy Dinosaur","Documentary",23,184
995,"Yentl Idaho","Horror",23,185
437,"House Dynamite","Family",23,186
676,"Philadelphia Wife","Sports",23,187
771,"Scorpion Apollo","Drama",23,188
494,"Karate Moon","Horror",23,189
614,"Name Detective","Games",23,190
271,"Easy Gladiator","Action",23,191
961,"Wash Heavenly","Foreign",23,192
4,"Affair Prejudice","Horror",23,193
191,"Crooked Frogmen","Children",23,194
608,"Murder Antitrust","Children",23,195
412,"Heavyweights Beast","Documentary",23,196
915,"Truman Crazy","Action",23,197
10,"Aladdin Calendar","Sports",23,198
843,"Steel Santa","Classics",23,199
646,"Outbreak Divine","Games",23,200
759,"Salute Apollo","New",23,201
976,"Wind Phantom","Games",23,202
320,"Flamingos Connecticut","New",23,203
914,"Trouble Date","Travel",23,204
143,"Chill Luck","Drama",22,205
972,"Whisperer Giant","Sci-Fi",22,206
444,"Hustler Party","Comedy",22,207
408,"Head Stranger","Games",22,208
518,"Liaisons Sweet","Travel",22,209
949,"Volcano Texas","Games",22,210
800,"Sinners Atlantis","Horror",22,211
898,"Tourist Pelican","Sports",22,212
54,"Banger Pinocchio","Music",22,213
21,"American Circus","Action",22,214
15,"Alien Center","Foreign",22,215
314,"Fight Jawbreaker","Animation",22,216
300,"Falcon Volume","Animation",22,217
428,"Homicide Peach","Family",22,218
772,"Sea Virgin","Drama",22,219
500,"Kiss Glory","Foreign",22,220
79,"Blade Polish","Drama",22,221
651,"Packer Madigan","Animation",22,222
823,"South Wait","Action",22,223
267,"Eagles Panky","New",22,224
575,"Midsummer Groundhog","Documentary",22,225
142,"Chicken Hellfighters","Documentary",22,226
89,"Borrowers Bedazzled","Animation",22,227
322,"Flatliners Killer","Sports",22,228
782,"Shakespeare Saddle","Sports",22,229
18,"Alter Victory","Animation",22,230
814,"Snatch Slipper","Comedy",22,231
376,"Grapes Fury","Foreign",22,232
406,"Haunting Pianist","Games",22,233
26,"Annie Identity","Sci-Fi",22,234
985,"Wonderland Christmas","Sci-Fi",22,235
59,"Bear Graceland","Children",22,236
706,"Queen Luke","Drama",22,237
415,"High Encino","Horror",22,238
556,"Maltese Hope","Games",22,239
61,"Beauty Grease","Drama",22,240
176,"Congeniality Quest","Sports",22,241
252,"Dream Pickup","Action",22,242
25,"Angels Life","New",22,243
19,"Amadeus Holy","Action",21,244
69,"Beverly Outlaw","Sci-Fi",21,245
514,"Lebowski Soldiers","Drama",21,246
129,"Cause Date","Documentary",21,247
841,"Star Operation","Sports",21,248
727,"Resurrection Silverado","Family",21,249
313,"Fidelity Devil","Horror",21,250
920,"Unbreakable Karate","New",21,251
132,"Chainsaw Uptown","Sci-Fi",21,252
100,"Brooklyn Desert","Foreign",21,253
602,"Mourning Purple","Sci-Fi",21,254
255,"Driving Polish","Music",21,255
354,"Ghost Groundhog","Children",21,256
922,"Undefeated Dalmations","Horror",21,257
806,"Sleepy Japanese","New",21,258
846,"Sting Personal","New",21,259
292,"Excitement Eve","Action",21,260
274,"Egg Igby","Documentary",21,261
377,"Grease Youth","Family",21,262
861,"Suit Walls","Games",21,263
755,"Sabrina Midnight","Children",21,264
57,"Basic Easy","Travel",21,265
833,"Splendor Patton","Children",21,266
681,"Pirates Roxanne","Sports",21,267
249,"Dracula Crystal","Classics",21,268
138,"Chariots Conspiracy","Sci-Fi",21,269
807,"Sleuth Orient","Games",21,270
193,"Crossroads Casualties","Animation",21,271
242,"Doom Dancing","Comedy",21,272
37,"Arizona Bang","Classics",21,273
930,"Vacation Boondock","Sci-Fi",21,274
317,"Fireball Philadelphia","Comedy",21,275
149,"Christmas Moonshine","Children",21,276
49,"Badman Dawn","Sci-Fi",21,277
280,"Empire Malkovich","Children",21,278
6,"Agent Truman","Foreign",21,279
677,"Pianist Outfield","New",21,280
67,"Berets Agent","Action",21,281
112,"Calendar Gunfight","Foreign",21,282
596,"Moonshine Cabin","Games",21,283
953,"Wait Cider","Animation",21,284
39,"Armageddon Lost","Sci-Fi",21,285
22,"Amistad Midsummer","New",21,286
23,"Anaconda Confessions","Animation",21,287
83,"Blues Instinct","Family",21,288
235,"Divide Monster","Sci-Fi",21,289
416,"Highball Potter","Foreign",21,290
218,"Deceiver Betrayed","Drama",21,291
981,"Wolves Desire","Travel",21,292
164,"Coast Rainbow","Documentary",21,293
637,"Open African","Sci-Fi",21,294
776,"Secret Groundhog","Documentary",21,295
99,"Bringing Hysterical","Comedy",20,296
139,"Chasing Fight","Family",20,297
743,"Room Roman","Animation",20,298
628,"Northwest Polish","Sports",20,299
439,"Hunchback Impossible","Drama",20,300
465,"Interview Liaisons","New",20,301
694,"Prejudice Oleander","Classics",20,302
501,"Kissing Dolls","Action",20,303
326,"Flying Hook","Animation",20,304
906,"Tramp Others","Comedy",20,305
851,"Straight Hours","Sports",20,306
720,"Redemption Comforts","New",20,307
462,"Insider Arizona","Music",20,308
733,"River Outlaw","Sports",20,309
578,"Million Ace","Classics",20,310
204,"Dalmations Sweden","Drama",20,311
231,"Dinosaur Secretary","Family",20,312
778,"Secrets Paradise","Family",20,313
680,"Pinocchio Simon","Comedy",20,314
147,"Chocolat Harry","Family",20,315
363,"Go Purple","Music",20,316
467,"Intrigue Worst","Foreign",20,317
414,"Hellfighters Sierra","Foreign",20,318
668,"Peak Forever","Sports",20,319
350,"Garden Island","Sci-Fi",20,320
484,"Jerk Paycheck","Classics",20,321
402,"Harper Dying","Animation",20,322
562,"Masked Bubble","Music",20,323
140,"Cheaper Clyde","Sci-Fi",20,324
993,"Wrong Behavior","Children",20,325
805,"Sleepless Monsoon","Animation",20,326
827,"Spice Sorority","Drama",20,327
723,"Reign Gentlemen","Sci-Fi",20,328
590,"Money Harold","New",20,329
647,"Outfield Massacre","Music",20,330
409,"Heartbreakers Bright","Children",20,331
535,"Love Suicides","Horror",20,332
496,"Kick Savannah","Travel",20,333
728,"Reunion Witches","Drama",20,334
486,"Jet Neighbors","Foreign",20,335
845,"Stepmom Dream","Foreign",20,336
579,"Minds Truman","Action",20,337
707,"Quest Mussolini","Action",20,338
115,"Campus Remember","Action",19,339
227,"Details Packer","Games",19,340
451,"Igby Maker","Travel",19,341
302,"Fantasia Park","Games",19,342
48,"Backlash Undefeated","Children",19,343
663,"Patient Sister","Classics",19,344
269,"Earring Instinct","Family",19,345
429,"Honey Ties","Sports",19,346
345,"Gables Metropolis","Family",19,347
734,"Road Roxanne","Documentary",19,348
785,"Shawshank Bubble","Travel",19,349
436,"Hours Rage","New",19,350
158,"Clones Pinocchio","Music",19,351
560,"Mars Roman","Games",19,352
725,"Requiem Tycoon","Classics",19,353
396,"Hanging Deep","Drama",19,354
311,"Fiction Christmas","Foreign",19,355
580,"Mine Titans","New",19,356
690,"Pond Seattle","Animation",19,357
72,"Bill Others","Documentary",19,358
619,"Neighbors Charade","Sports",19,359
150,"Cider Desire","Documentary",19,360
282,"Encounters Curtain","Drama",19,361
864,"Sundance Invasion","Children",19,362
479,"Jedi Beneath","Family",19,363
298,"Eyes Driving","Sci-Fi",19,364
281,"Encino Elf","Games",19,365
233,"Disciple Mother","Travel",19,366
747,"Roxanne Rebel","Games",19,367
222,"Desert Poseidon","Horror",19,368
710,"Rage Games","Family",19,369
118,"Canyon Stock","Animation",19,370
818,"Something Duck","Drama",19,371
948,"Voice Peach","New",19,372
887,"Thief Pelican","Animation",19,373
97,"Bride Intrigue","Action",19,374
616,"National Story","Documentary",19,375
631,"Novocaine Flight","Sports",19,376
457,"Independence Hotel","Documentary",19,377
344,"Fury Murder","Children",19,378
912,"Trojan Tomorrow","Sci-Fi",19,379
370,"Gorgeous Bingo","Children",19,380
610,"Music Boondock","Family",19,381
243,"Doors President","Animation",19,382
160,"Club Graffiti","Animation",19,383
724,"Remember Diary","Family",18,384
121,"Carol Texas","Animation",18,385
688,"Polish Brooklyn","Children",18,386
689,"Pollock Deliverance","Foreign",18,387
967,"Weekend Personal","Sci-Fi",18,388
116,"Candidate Perdition","Classics",18,389
524,"Lion Uncut","Comedy",18,390
936,"Vanishing Rocky","Music",18,391
463,"Instinct Airport","Sports",18,392
461,"Insects Stone","Animation",18,393
56,"Barefoot Manchurian","Action",18,394
383,"Groove Fiction","Sports",18,395
456,"Inch Jet","Animation",18,396
184,"Core Suit","Classics",18,397
871,"Sweden Shining","Comedy",18,398
777,"Secretary Rouge","Sports",18,399
17,"Alone Trip","Music",18,400
286,"Enough Raging","Travel",18,401
924,"Unforgiven Zoolander","Sci-Fi",18,402
746,"Rouge Squad","Games",18,403
657,"Paradise Sabrina","Comedy",18,404
155,"Cleopatra Devil","New",18,405
385,"Groundhog Uncut","Comedy",18,406
329,"Forrest Sons","Action",18,407
432,"Hope Tootsie","Classics",18,408
215,"Dawn Pond","Games",18,409
90,"Boulevard Mob","New",18,410
768,"Scarface Bang","Children",18,411
474,"Jade Bunch","Sports",18,412
986,"Wonka Sea","Animation",18,413
709,"Racer Egg","Drama",18,414
346,"Galaxy Sweethearts","Classics",18,415
410,"Heaven Freedom","Comedy",18,416
77,"Birds Perdition","New",18,417
971,"Whale Bikini","Foreign",18,418
212,"Darn Forrester","Action",18,419
251,"Dragonfly Strangers","New",18,420
583,"Mission Zoolander","Animation",18,421
8,"Airport Pollock","Horror",18,422
473,"Jacket Frisco","Drama",18,423
254,"Driver Annie","Sports",18,424
812,"Smoking Barbarella","Documentary",18,425
294,"Expecations Natural","Travel",18,426
265,"Dying Maker","Comedy",17,427
999,"Zoolander Fiction","Children",17,428
964,"Waterfront Deliverance","Action",17,429
763,"Satisfaction Confidential","Sports",17,430
424,"Holocaust Highball","Children",17,431
481,"Jekyll Frogmen","New",17,432
877,"Taxi Kick","Music",17,433
744,"Roots Remember","Classics",17,434
574,"Midnight Westward","Action",17,435
348,"Gandhi Kwai","Family",17,436
561,"Mask Peach","New",17,437
333,"Freaky Pocus","Music",17,438
623,"Newton Labyrinth","Foreign",17,439
398,"Hanover Galaxy","Music",17,440
643,"Orient Closer","Drama",17,441
380,"Greek Everyone","Foreign",17,442
691,"Poseidon Forever","Sports",17,443
464,"Intentions Empire","Animation",17,444
737,"Rock Instinct","Horror",17,445
169,"Comforts Rush","Travel",17,446
275,"Egypt Tenenbaums","Horror",17,447
308,"Ferris Mother","Comedy",17,448
448,"Idaho Love","New",17,449
483,"Jericho Mulan","Games",17,450
70,"Bikini Borrowers","Animation",17,451
183,"Conversation Downhill","Family",17,452
803,"Slacker Liaisons","Drama",17,453
672,"Perfect Groove","Comedy",17,454
506,"Lady Stage","Horror",17,455
552,"Majestic Floats","Documentary",17,456
299,"Factory Dragon","Travel",17,457
95,"Breakfast Goldfinger","New",17,458
854,"Strangers Graffiti","Horror",17,459
878,"Teen Apollo","Travel",17,460
175,"Confused Candles","Family",17,461
693,"Potter Connecticut","Animation",17,462
611,"Musketeers Wait","Classics",17,463
534,"Louisiana Harry","Family",17,464
717,"Rear Trading","Action",17,465
488,"Joon Northwest","Sports",17,466
859,"Sugar Wonka","Animation",17,467
324,"Flintstones Happiness","Comedy",17,468
925,"United Pilot","Documentary",17,469
336,"French Holiday","Documentary",17,470
944,"Virgin Daisy","Drama",17,471
626,"Noon Papi","Children",17,472
512,"League Hellfighters","Classics",17,473
510,"Lawless Vision","Animation",17,474
58,"Beach Heartbreakers","Documentary",17,475
85,"Bonnie Holocaust","Documentary",16,476
570,"Mermaid Insects","Sports",16,477
480,"Jeepers Wedding","Classics",16,478
203,"Daisy Menagerie","Sci-Fi",16,479
458,"Indian Love","Family",16,480
686,"Pluto Oleander","New",16,481
797,"Silence Kane","Music",16,482
226,"Destiny Saturday","New",16,483
987,"Words Hunter","Music",16,484
179,"Conquerer Nuts","Drama",16,485
141,"Chicago North","Games",16,486
526,"Lock Rear","Travel",16,487
601,"Moulin Wake","Travel",16,488
963,"Watch Tracy","Animation",16,489
373,"Graduate Lord","Children",16,490
704,"Pure Runner","Comedy",16,491
862,"Summer Scarface","Classics",16,492
165,"Coldblooded Darling","Sci-Fi",16,493
975,"Willow Tracy","Family",16,494
666,"Paycheck Wait","Drama",16,495
708,"Quills Bull","Documentary",16,496
44,"Attacks Hate","Sci-Fi",16,497
606,"Mummy Creatures","Sports",16,498
123,"Casablanca Super","Travel",16,499
678,"Pickup Driving","Sports",16,500
50,"Baked Cleopatra","Family",16,501
956,"Wanda Chamber","Games",16,502
600,"Motions Details","Horror",16,503
980,"Wizard Coldblooded","Music",16,504
427,"Homeward Cider","Documentary",16,505
855,"Streak Ridgemont","Documentary",16,506
809,"Slipper Fidelity","Sports",16,507
105,"Bull Shawshank","Action",16,508
664,"Patriot Roman","Action",16,509
40,"Army Flintstones","Documentary",16,510
991,"Worst Banger","Action",16,511
927,"Uprising Uptown","Action",16,512
937,"Varsity Trip","New",16,513
189,"Creatures Shakespeare","Games",16,514
392,"Hall Cassidy","Children",16,515
757,"Sagebrush Clueless","Documentary",16,516
351,"Gaslight Crusade","Horror",16,517
969,"West Lion","Drama",16,518
170,"Command Darling","Foreign",16,519
696,"Pride Alamo","Animation",16,520
260,"Dude Blindness","Sports",16,521
679,"Pilot Hoosiers","Family",16,522
111,"Caddyshack Jedi","Action",16,523
749,"Rules Human","Horror",16,524
42,"Artist Coldblooded","Sports",16,525
716,"Reap Unfaithful","Horror",16,526
908,"Trap Guys","Foreign",16,527
186,"Craft Outfield","Drama",16,528
739,"Rocky War","Drama",16,529
529,"Lonely Elephant","Comedy",15,530
654,"Panky Submarine","Games",15,531
420,"Holes Brannigan","Sports",15,532
28,"Anthem Luke","Comedy",15,533
732,"Rings Heartbreakers","Action",15,534
858,"Submarine Bed","Comedy",15,535
152,"Circus Youth","Children",15,536
532,"Loser Hustler","Sports",15,537
932,"Valley Packer","Comedy",15,538
588,"Model Fish","Children",15,539
446,"Hysterical Grail","Sports",15,540
201,"Cyclone Family","Foreign",15,541
557,"Manchurian Curtain","Family",15,542
830,"Spirit Flintstones","Horror",15,543
618,"Necklace Outbreak","Drama",15,544
592,"Monster Spartacus","Music",15,545
438,"Human Graffiti","Games",15,546
634,"Odds Boogie","Family",15,547
272,"Edge Kissing","Drama",15,548
896,"Tootsie Pilot","Children",15,549
442,"Hunting Musketeers","Family",15,550
229,"Devil Desire","Action",15,551
598,"Mosquito Armageddon","Sports",15,552
84,"Boiled Dares","Travel",15,553
452,"Illusion Amelie","Foreign",15,554
962,"Wasteland Divine","Classics",15,555
795,"Siege Madre","Family",15,556
110,"Cabin Flash","Children",15,557
7,"Airplane Sierra","Comedy",15,558
287,"Entrapment Satisfaction","Action",15,559
542,"Lust Lock","Action",15,560
615,"Nash Chocolat","Animation",15,561
907,"Translation Summer","Drama",15,562
505,"Labyrinth League","Children",15,563
232,"Dirty Ace","Games",15,564
589,"Modern Dorado","Documentary",15,565
655,"Panther Reds","Sci-Fi",15,566
844,"Steers Armageddon","Sports",15,567
68,"Betrayed Rear","Children",15,568
544,"Madison Trap","Documentary",15,569
820,"Sons Interview","Animation",15,570
236,"Divine Resurrection","Games",15,571
988,"Worker Tarzan","Travel",15,572
770,"Scissorhands Slums","Foreign",15,573
788,"Ship Wonderland","Documentary",15,574
421,"Holiday Games","Foreign",15,575
137,"Charade Duffel","Sci-Fi",15,576
872,"Sweet Brotherhood","Travel",15,577
792,"Shrek License","Foreign",15,578
942,"Vietnam Smoochy","Drama",15,579
796,"Sierra Divide","Sports",15,580
900,"Town Ark","Foreign",14,581
493,"Kane Exorcist","Foreign",14,582
347,"Games Bowfinger","Travel",14,583
205,"Dances None","Action",14,584
793,"Shrunk Divine","Action",14,585
913,"Troopers Metal","New",14,586
667,"Peach Innocent","Sports",14,587
968,"Werewolf Lola","Action",14,588
648,"Outlaw Hanky","Travel",14,589
756,"Saddle Antitrust","Comedy",14,590
546,"Madre Gables","Games",14,591
453,"Image Princess","Sports",14,592
277,"Elephant Trojan","Horror",14,593
916,"Turn Star","Animation",14,594
774,"Searchers Wait","Comedy",14,595
394,"Hamlet Wisdom","Sci-Fi",14,596
832,"Splash Gump","Family",14,597
173,"Confessions Maguire","Drama",14,598
658,"Paris Weekend","Horror",14,599
219,"Deep Crusade","Documentary",14,600
426,"Home Pity","Music",14,601
992,"Wrath Mile","Documentary",14,602
381,"Grinch Massage","Games",14,603
365,"Gold River","Comedy",14,604
784,"Shanghai Tycoon","Travel",14,605
946,"Virtual Spoilers","Family",14,606
24,"Analyze Hoosiers","Horror",14,607
478,"Jaws Harry","Comedy",14,608
652,"Pajama Jawbreaker","Classics",14,609
536,"Lovely Jingle","Classics",14,610
190,"Creepers Kane","Classics",14,611
847,"Stock Glass","New",14,612
241,"Donnie Alley","Animation",14,613
673,"Personal Ladybugs","Music",14,614
783,"Shane Darkness","Travel",14,615
379,"Greedy Roots","Drama",14,616
894,"Tomatoes Hellfighters","Travel",14,617
455,"Impossible Prejudice","Foreign",14,618
16,"Alley Evolution","Foreign",14,619
629,"Notorious Reunion","Documentary",14,620
216,"Day Unfaithful","New",14,621
921,"Uncut Suicides","Music",14,622
620,"Nemo Campus","Sci-Fi",14,623
840,"Stampede Disturbing","Games",14,624
81,"Blindness Gun","Sci-Fi",14,625
360,"Glass Dying","Action",14,626
599,"Mother Oleander","Sports",14,627
597,"Moonwalker Fool","Games",13,628
867,"Super Wyoming","Family",13,629
177,"Connecticut Tramp","Sci-Fi",13,630
27,"Anonymous Human","Sports",13,631
828,"Spiking Element","Classics",13,632
929,"Usual Untouchables","Foreign",13,633
258,"Drums Dynamite","Horror",13,634
829,"Spinal Rocky","Family",13,635
661,"Past Suicides","Foreign",13,636
321,"Flash Wars","New",13,637
202,"Daddy Pittsburgh","Comedy",13,638
917,"Tuxedo Mile","Sports",13,639
151,"Cincinatti Whisperer","Sci-Fi",13,640
133,"Chamber Italian","Music",13,641
134,"Champion Flatliners","Animation",13,642
573,"Microcosmos Paradise","Children",13,643
577,"Mile Mulan","Sports",13,644
65,"Behavior Runaway","Horror",13,645
711,"Raging Airplane","Sci-Fi",13,646
213,"Date Speed","Family",13,647
71,"Bilko Anonymous","Family",13,648
762,"Sassy Packer","Games",13,649
882,"Tenenbaums Command","Drama",13,650
994,"Wyoming Storm","New",13,651
487,"Jingle Sagebrush","Classics",13,652
290,"Everyone Craft","Foreign",13,653
209,"Darkness War","Drama",13,654
153,"Citizen Shrek","Sci-Fi",13,655
328,"Forever Candidate","Children",13,656
440,"Hunger Roof","Foreign",13,657
423,"Hollywood Anonymous","Children",13,658
765,"Saturn Name","Comedy",13,659
145,"Chisum Behavior","Family",13,660
34,"Arabia Dogma","Horror",13,661
705,"Purple Movie","Foreign",13,662
568,"Memento Zoolander","Comedy",13,663
511,"Lawrence Love","Action",13,664
296,"Express Lonely","Sci-Fi",13,665
593,"Monterey Labyrinth","Horror",13,666
604,"Mulan Moon","Comedy",13,667
293,"Exorcist Sting","Sports",13,668
617,"Natural Stock","Family",13,669
430,"Hook Chariots","Animation",13,670
639,"Opposite Necklace","Family",13,671
842,"State Wasteland","Games",13,672
540,"Lucky Flying","Music",13,673
63,"Bedazzled Married","Family",13,674
449,"Identity Lover","Sci-Fi",13,675
98,"Bright Encounters","Drama",13,676
736,"Robbery Bright","Family",13,677
660,"Party Knock","Comedy",13,678
96,"Breaking Home","New",13,679
821,"Sorority Queen","Foreign",12,680
933,"Vampire Whale","New",12,681
576,"Mighty Luck","Documentary",12,682
389,"Gunfighter Mussolini","Sports",12,683
567,"Meet Chocolate","Foreign",12,684
813,"Smoochy Control","Sports",12,685
794,"Side Ark","Action",12,686
413,"Hedwig Alter","Comedy",12,687
881,"Temple Attraction","Horror",12,688
533,"Lost Bird","Foreign",12,689
825,"Speakeasy Date","Action",12,690
585,"Mob Duffel","Drama",12,691
80,"Blanket Beverly","Family",12,692
9,"Alabama Devil","Horror",12,693
977,"Window Side","Travel",12,694
931,"Valentine Vanishing","Travel",12,695
766,"Savannah Town","Drama",12,696
291,"Evolution Alter","Sports",12,697
928,"Uptown Young","Children",12,698
581,"Minority Kiss","Music",12,699
5,"African Egg","Family",12,700
519,"Liberty Magnificent","Sports",12,701
93,"Brannigan Sunrise","New",12,702
207,"Dangerous Uptown","Foreign",12,703
323,"Flight Lies","Sports",12,704
3,"Adaptation Holes","Documentary",12,705
564,"Massage Image","Animation",12,706
957,"War Notting","Foreign",12,707
919,"Tycoon Gathering","Games",12,708
88,"Born Spinal","Travel",12,709
538,"Loverboy Attacks","New",12,710
682,"Pittsburgh Hunchback","Family",12,711
113,"California Birds","Sports",12,712
315,"Finding Anaconda","Family",12,713
194,"Crow Grease","Action",12,714
798,"Silverado Goldfinger","Sci-Fi",12,715
848,"Stone Fire","Travel",11,716
306,"Feathers Metal","Games",11,717
888,"Thin Sagebrush","Documentary",11,718
905,"Trainspotting Strangers","Comedy",11,719
587,"Mod Secretary","Documentary",11,720
886,"Theory Mermaid","Animation",11,721
918,"Twisted Pirates","Children",11,722
831,"Spirited Casualties","Sci-Fi",11,723
187,"Cranes Reservoir","Sports",11,724
283,"Ending Crowds","New",11,725
337,"Frida Slipper","Foreign",11,726
640,"Opus Ice","Foreign",11,727
92,"Bowfinger Gables","Horror",11,728
509,"Language Cowboy","Children",11,729
469,"Iron Moon","Classics",11,730
60,"Beast Hunchback","Classics",11,731
627,"North Tequila","Documentary",11,732
46,"Autumn Crow","Games",11,733
819,"Song Hedwig","Music",11,734
74,"Birch Antitrust","Music",11,735
692,"Potluck Mixed","Animation",11,736
889,"Ties Hunger","Children",11,737
530,"Lord Arizona","Action",11,738
729,"Rider Caddyshack","Sports",11,739
899,"Towers Hurricane","Classics",11,740
257,"Drumline Cyclone","Travel",11,741
633,"October Submarine","Classics",11,742
210,"Darko Dorado","Action",11,743
549,"Magnolia Forrester","Action",11,744
75,"Bird Independence","Travel",11,745
853,"Stranger Strangers","Children",11,746
250,"Dragon Squad","Action",11,747
352,"Gathering Calendar","Games",11,748
64,"Beethoven Exorcist","Drama",11,749
761,"Santa Paris","Children",11,750
722,"Reef Salute","Horror",11,751
104,"Bugsy Song","Foreign",11,752
342,"Fugitive Maguire","Travel",11,753
700,"Prix Undefeated","Family",11,754
731,"Right Cranes","Classics",10,755
477,"Jawbreaker Brooklyn","Music",10,756
522,"Life Twisted","Comedy",10,757
543,"Madigan Dorado","Travel",10,758
811,"Smile Earring","Travel",10,759
339,"Frogmen Breaking","Travel",10,760
82,"Blood Argonauts","Family",10,761
157,"Clockwork Paradise","Children",10,762
662,"Paths Control","Drama",10,763
613,"Mystic Truman","Comedy",10,764
537,"Lover Truman","Classics",10,765
368,"Gone Trouble","Drama",10,766
636,"Oleander Clue","Music",10,767
508,"Lambs Cincinatti","Games",10,768
750,"Run Pacific","New",10,769
726,"Reservoir Adaptation","Foreign",10,770
553,"Maker Gables","Children",10,771
29,"Antitrust Tomatoes","Action",10,772
312,"Fiddler Lost","Sci-Fi",10,773
630,"Notting Speakeasy","Drama",10,774
482,"Jeopardy Encino","Classics",10,775
834,"Spoilers Hellfighters","Documentary",10,776
393,"Halloween Nuts","Documentary",10,777
740,"Rollercoaster Bringing","Horror",10,778
246,"Doubtfire Labyrinth","Foreign",10,779
279,"Elizabeth Shane","Sports",10,780
837,"Stage World","Comedy",10,781
66,"Beneath Rush","Children",10,782
20,"Amelie Hellfighters","Music",10,783
375,"Grail Frankenstein","Action",10,784
780,"Sensibility Rear","Family",10,785
960,"Wars Pluto","Documentary",10,786
276,"Element Freddy","Comedy",10,787
528,"Lolita World","Family",10,788
868,"Superfly Trip","Travel",10,789
422,"Hollow Jeopardy","Sci-Fi",10,790
539,"Luck Opus","Drama",10,791
952,"Wagon Jaws","Documentary",10,792
211,"Darling Breaking","Games",9,793
594,"Montezuma Command","Action",9,794
230,"Diary Panic","Drama",9,795
435,"Hotel Happiness","Foreign",9,796
492,"Jungle Closer","New",9,797
934,"Vanilla Day","Games",9,798
503,"Kramer Chocolate","Sports",9,799
30,"Anything Savannah","Horror",9,800
714,"Random Go","Sci-Fi",9,801
550,"Maguire Apache","Family",9,802
390,"Guys Falcon","Sci-Fi",9,803
188,"Crazy Home","Comedy",9,804
516,"Legend Jedi","Music",9,805
685,"Platoon Instinct","New",9,806
826,"Speed Suit","Travel",9,807
466,"Intolerable Intentions","Documentary",9,808
357,"Gilbert Pelican","Classics",9,809
499,"King Evolution","Family",9,810
983,"Won Dares","Music",9,811
338,"Frisco Forrest","Sci-Fi",9,812
76,"Birdcage Casper","Music",9,813
815,"Snatchers Montezuma","Classics",9,814
984,"Wonderful Drop","Foreign",9,815
120,"Caribbean Liberty","Sports",9,816
126,"Casualties Encino","Action",9,817
940,"Victory Academy","Sports",9,818
240,"Dolls Rage","Sci-Fi",9,819
824,"Spartacus Cheaper","Family",9,820
998,"Zhivago Core","Horror",9,821
978,"Wisdom Worker","Comedy",9,822
515,"Legally Secretary","Children",9,823
425,"Holy Tadpole","Classics",9,824
454,"Impact Aladdin","Music",9,825
632,"Nuts Ties","New",9,826
565,"Matrix Snowman","Foreign",9,827
721,"Reds Pocus","Music",9,828
208,"Dares Pluto","Animation",9,829
591,"Monsoon Cause","Games",9,830
355,"Ghostbusters Elf","Animation",9,831
214,"Daughter Madigan","Children",9,832
264,"Dwarfs Alter","Games",9,833
13,"Ali Forever","Horror",9,834
582,"Miracle Virtual","Animation",9,835
256,"Drop Waterfront","Sports",9,836
163,"Clyde Theory","New",8,837
431,"Hoosiers Birdcage","Foreign",8,838
674,"Pet Haunting","Foreign",8,839
659,"Park Citizen","Action",8,840
923,"Unfaithful Kill","Drama",8,841
751,"Runaway Tenenbaums","New",8,842
197,"Crusade Honey","Sports",8,843
752,"Runner Madigan","Music",8,844
364,"Godfather Diary","New",8,845
939,"Vertigo Northwest","Comedy",8,846
822,"Soup Wisdom","Family",8,847
718,"Rebel Airport","Music",8,848
926,"Untouchables Sunrise","Documentary",8,849
876,"Tarzan Videotape","Horror",8,850
401,"Harold French","Drama",8,851
703,"Punk Divorce","Animation",8,852
548,"Magnificent Chitty","Classics",8,853
52,"Ballroom Mockingbird","Foreign",8,854
566,"Maude Mod","Foreign",8,855
136,"Chaplin License","New",8,856
719,"Records Zorro","Sports",8,857
47,"Baby Hall","Foreign",8,858
817,"Soldiers Evolution","Sci-Fi",8,859
223,"Desire Alien","Animation",8,860
490,"Jumanji Blade","New",8,861
990,"World Leathernecks","Horror",8,862
384,"Grosse Wonderful","Music",8,863
371,"Gosford Donnie","Action",8,864
656,"Papi Necklace","Travel",8,865
146,"Chitty Lock","Drama",8,866
787,"Shining Roses","Travel",8,867
124,"Casper Dragonfly","Children",8,868
523,"Lights Deer","Classics",8,869
225,"Destination Jerk","Drama",8,870
866,"Sunset Racer","Family",8,871
758,"Saints Bride","Drama",8,872
695,"President Bang","Family",7,873
411,"Heavenly Gun","Music",7,874
268,"Early Home","Animation",7,875
836,"Squad Fish","Sports",7,876
910,"Treatment Jekyll","Drama",7,877
248,"Dozen Lion","Documentary",7,878
653,"Panic Club","Horror",7,879
289,"Eve Resurrection","New",7,880
684,"Pizza Jumanji","Games",7,881
278,"Elf Murder","Music",7,882
185,"Cowboy Doom","Foreign",7,883
779,"Sense Greek","Sports",7,884
196,"Cruelty Unforgiven","Classics",7,885
517,"Lesson Cleopatra","Sports",7,886
161,"Clue Grail","Music",7,887
605,"Mulholland Beast","Foreign",7,888
513,"Leathernecks Dwarfs","Travel",7,889
996,"Young Language","Documentary",7,890
238,"Doctor Grail","Children",7,891
520,"License Weekend","Sci-Fi",7,892
182,"Control Anthem","Comedy",7,893
947,"Vision Torque","Foreign",7,894
2,"Ace Goldfinger","Horror",7,895
622,"Newsies Story","Documentary",7,896
237,"Divorce Shining","Sports",7,897
470,"Ishtar Rocketeer","Animation",7,898
156,"Clerks Angels","Documentary",7,899
178,"Connection Microcosmos","Comedy",7,900
547,"Magic Mallrats","Children",7,901
541,"Luke Mummy","Animation",7,902
935,"Vanished Garden","New",7,903
407,"Hawk Chill","Documentary",7,904
316,"Fire Wolves","Games",7,905
839,"Stallion Sundance","Sci-Fi",7,906
569,"Menagerie Rushmore","Animation",7,907
106,"Bulworth Commandments","Games",7,908
261,"Duffel Apocalypse","Documentary",7,909
53,"Bang Kwai","Family",7,910
62,"Bed Highball","Documentary",6,911
168,"Comancheros Enemy","Children",6,912
675,"Phantom Glory","New",6,913
885,"Texas Watch","Horror",6,914
959,"Warlock Werewolf","Children",6,915
102,"Bubble Grosse","Sports",6,916
754,"Rushmore Mermaid","Comedy",6,917
297,"Extraordinary Conquerer","Classics",6,918
372,"Graceland Dynamite","Sports",6,919
32,"Apocalypse Flamingos","New",6,920
965,"Watership Frontier","Horror",6,921
974,"Wild Apollo","New",6,922
475,"Japanese Run","Horror",6,923
769,"School Jacket","Foreign",6,924
405,"Haunted Antitrust","Travel",6,925
997,"Youth Kick","Music",6,926
125,"Cassidy Wyoming","Travel",6,927
340,"Frontier Cabin","New",6,928
808,"Sling Luke","Classics",6,929
883,"Tequila Past","Children",6,930
498,"Killer Innocent","Family",6,931
472,"Italian African","Travel",6,932
262,"Dumbo Lust","Family",6,933
485,"Jersey Sassy","Children",6,934
259,"Duck Racer","Animation",6,935
799,"Simon North","Horror",6,936
635,"Oklahoma Jumanji","New",6,937
884,"Terminator Club","Music",6,938
399,"Happiness United","Foreign",6,939
224,"Desperate Trainspotting","Travel",6,940
507,"Ladybugs Armageddon","Games",6,941
459,"Informer Double","Foreign",5,942
343,"Full Flatliners","Children",5,943
781,"Seven Swarm","Games",5,944
180,"Conspiracy Spirit","Classics",5,945
310,"Fever Empire","Games",5,946
612,"Mussolini Spoilers","Sports",5,947
441,"Hunter Alter","Documentary",5,948
335,"Freedom Cleopatra","Comedy",5,949
558,"Mannequin Worst","New",5,950
903,"Traffic Hobbit","Travel",5,951
699,"Private Drop","Games",5,952
107,"Bunch Minds","Drama",5,953
362,"Glory Tracy","Games",5,954
94,"Braveheart Human","Family",5,955
584,"Mixed Doors","Foreign",4,956
400,"Hardly Robbers","Documentary",4,957
904,"Train Bunch","Horror",4,958
