"rental_count","full_name","city","country"
46,"Eleanor Hunt","Saint-Denis","Runion"
45,"Karl Seal","Cape Coral","United States"
42,"Clara Shaw","Molodetno","Belarus"
42,"Marcia Dean","Tanza","Philippines"
41,"Tammy Sanders","Changhwa","Taiwan"
40,"Wesley Bull","Ourense (Orense)","Spain"
40,"Sue Peters","Changzhou","China"
39,"Tim Cary","Bijapur","India"
39,"Rhonda Kennedy","Apeldoorn","Netherlands"
39,"Marion Snyder","Santa Brbara dOeste","Brazil"
38,"Daisy Bates","Kolpino","Russian Federation"
38,"Elizabeth Brown","Nantou","Taiwan"
38,"Tommy Collazo","Qomsheh","Iran"
38,"Curtis Irby","Richmond Hill","Canada"
37,"Marsha Douglas","Beira","Mozambique"
37,"Elsie Kelley","Ikerre","Nigeria"
37,"June Carroll","Skikda","Algeria"
37,"Brandon Huey","Balikesir","Turkey"
36,"Margie Wade","Lengshuijiang","China"
36,"Russell Brinson","Tychy","Poland"
36,"Alexander Fennell","Bergamo","Italy"
36,"Justin Ngo","Santo Andr","Brazil"
36,"Roger Quintanilla","Hsichuh","Taiwan"
36,"Angela Hernandez","Shimonoseki","Japan"
35,"Harry Arce","Najafabad","Iran"
35,"Alma Austin","Mannheim","Germany"
35,"Leslie Seward","Pontianak","Indonesia"
35,"Mike Way","Valparai","India"
35,"Naomi Jennings","Karnal","India"
35,"Michelle Clark","Tangail","Bangladesh"
35,"Priscilla Lowe","Salamanca","Mexico"
35,"Lois Butler","Bandar Seri Begawan","Brunei"
35,"Billy Poulin","Cabuyao","Philippines"
35,"Rosemary Schmidt","Usak","Turkey"
35,"Bobby Boudreau","South Hill","Anguilla"
35,"Louis Leone","Tanauan","Philippines"
35,"Diane Collins","Omdurman","Sudan"
34,"Sherry Marshall","Shubra al-Khayma","Egypt"
34,"Hazel Warren","Hohhot","China"
34,"Casey Mena","Tokat","Turkey"
34,"Brett Cornwell","Siliguri (Shiliguri)","India"
34,"Ana Bradley","Memphis","United States"
34,"Joanne Robertson","Urawa","Japan"
34,"Morris Mccarter","Fengshan","Taiwan"
34,"Catherine Campbell","Moscow","Russian Federation"
34,"Ralph Madrigal","Arecibo","Puerto Rico"
34,"Steve Mackenzie","Probolinggo","Indonesia"
34,"Jorge Olivares","Lhokseumawe","Indonesia"
34,"Carrie Porter","Liaocheng","China"
34,"Minnie Romero","Ciomas","Indonesia"
34,"Melissa King","Lungtan","Taiwan"
34,"Regina Berry","Jinchang","China"
34,"Stacey Montgomery","Fuyu","China"
34,"Jessica Hall","Citt del Vaticano","Holy See (Vatican City State)"
34,"Gertrude Castillo","Nuuk","Greenland"
34,"Martha Gonzalez","Chisinau","Moldova"
34,"Heidi Larson","Xiangfan","China"
34,"Janice Ward","Malm","Sweden"
33,"Barry Lovelace","Kitwe","Zambia"
33,"Judith Cox","Daxian","China"
33,"Arnold Havens","Santa Rosa","Philippines"
33,"Sherri Rhodes","Ahmadnagar","India"
33,"Bernice Willis","Batman","Turkey"
33,"Jacqueline Long","Songkhla","Thailand"
33,"Crystal Ford","Ashdod","Israel"
33,"Maria Miller","Kragujevac","Yugoslavia"
33,"Tanya Gilbert","Naju","South Korea"
33,"Jessie Milam","Binzhou","China"
33,"Alice Stewart","Fontana","United States"
33,"Alex Gresham","Uruapan","Mexico"
33,"Sara Perry","Atlixco","Mexico"
33,"Grace Ellis","Duisburg","Germany"
33,"Shawn Heaton","Nakhon Sawan","Thailand"
33,"Warren Sherrod","Usolje-Sibirskoje","Russian Federation"
33,"Jim Rea","El Fuerte","Mexico"
33,"Joy George","Botosani","Romania"
33,"George Linton","Sorocaba","Brazil"
32,"Mary Smith","Sasebo","Japan"
32,"Nicholas Barfield","Belm","Brazil"
32,"Virginia Green","Toulouse","France"
32,"Veronica Stone","Greensboro","United States"
32,"Tonya Chapman","Bhilwara","India"
32,"Debbie Reyes","Fukuyama","Japan"
32,"Charles Kowalski","Sungai Petani","Malaysia"
32,"Julia Flores","La Plata","Argentina"
32,"Cynthia Young","Munger (Monghyr)","India"
32,"Gordon Allard","Hodeida","Yemen"
32,"Harold Martino","Boa Vista","Brazil"
32,"Javier Elrod","NDjamna","Chad"
32,"Thelma Murray","Lima","Peru"
32,"Leonard Schofield","Tandil","Argentina"
32,"Viola Hanson","Lapu-Lapu","Philippines"
32,"Leroy Bustamante","Tongliao","China"
32,"Sylvia Ortiz","Dos Quebradas","Colombia"
32,"Sally Pierce","Chandrapur","India"
32,"Ethel Webb","Boksburg","South Africa"
32,"Lena Jensen","Halisahar","India"
32,"Arthur Simpkins","Maikop","Russian Federation"
32,"Tom Milner","Abu Dhabi","United Arab Emirates"
32,"Neil Renner","Cam Ranh","Vietnam"
32,"Dave Gardiner","Leshan","China"
32,"Maxine Silva","Poos de Caldas","Brazil"
32,"Guy Brownlee","Zhoushan","China"
32,"Nathan Runyon","Charlotte Amalie","Virgin Islands, U.S."
32,"Glenda Frazier","Qinhuangdao","China"
32,"Helen Harris","Bhopal","India"
32,"Courtney Day","Uijongbu","South Korea"
32,"Olga Jimenez","Ogbomosho","Nigeria"
32,"Mitchell Westmoreland","Nha Trang","Vietnam"
32,"Frank Waggoner","Jamalpur","Bangladesh"
32,"Angel Barclay","Ueda","Japan"
32,"Marjorie Tucker","Jastrzebie-Zdrj","Poland"
31,"Jeffery Pinson","Dadu","Pakistan"
31,"Christy Vargas","Datong","China"
31,"Ella Oliver","Aden","Yemen"
31,"Philip Causey","Korolev","Russian Federation"
31,"Mae Fletcher","Donostia-San Sebastin","Spain"
31,"Kristin Johnston","Sunnyvale","United States"
31,"Zachary Hite","Akron","United States"
31,"Theodore Culp","Uluberia","India"
31,"Lawrence Lawton","Yaound","Cameroon"
31,"Lori Wood","Rae Bareli","India"
31,"Gladys Hamilton","Ilorin","Nigeria"
31,"Ramon Choate","Robamba","Ecuador"
31,"Duane Tubbs","Yangor","Nauru"
31,"Vickie Brewer","Halle/Saale","Germany"
31,"Christopher Greco","Brescia","Italy"
31,"Matthew Mahan","Cuautla","Mexico"
31,"Patrick Newsom","Hanoi","Vietnam"
31,"Holly Fox","Haldia","India"
31,"Dianne Shelton","Tabriz","Iran"
31,"Darlene Rose","Pyongyang","North Korea"
31,"John Farnsworth","Parbhani","India"
31,"Shirley Allen","Davao","Philippines"
30,"Sharon Robinson","Mardan","Pakistan"
30,"Ronald Weiner","San Felipe del Progreso","Mexico"
30,"James Gannon","Hiroshima","Japan"
30,"Carolyn Perez","Pak Kret","Thailand"
30,"Salvador Teel","Banjul","Gambia"
30,"Juanita Mason","Pune","India"
30,"Stanley Scroggins","Omiya","Japan"
30,"Kathy James","Baybay","Philippines"
30,"Geraldine Perkins","Tel Aviv-Jaffa","Israel"
30,"Walter Perryman","Xinxiang","China"
30,"Gloria Cook","Papeete","French Polynesia"
30,"Ramona Hale","Patiala","India"
30,"Raymond Mcwhorter","Sumqayit","Azerbaijan"
30,"Marc Outlaw","Brindisi","Italy"
30,"Mabel Holland","Monywa","Myanmar"
30,"Tracy Cole","Huixquilucan","Mexico"
30,"Heather Morris","Nagareyama","Japan"
30,"Troy Quigley","Vancouver","Canada"
30,"Wendy Harrison","Nezahualcyotl","Mexico"
30,"Florence Woods","Merlo","Argentina"
30,"Jordan Archuleta","Avellaneda","Argentina"
30,"Violet Rodriquez","Kowloon and New Kowloon","Hong Kong"
30,"Cassandra Walters","Salinas","United States"
30,"Joseph Joy","Angra dos Reis","Brazil"
30,"Jeff East","San Felipe de Puerto Plata","Dominican Republic"
30,"Gerald Fultz","Satna","India"
30,"Kyle Spurlock","Shanwei","China"
30,"Carole Barnett","Peoria","United States"
30,"Craig Morrell","Cavite","Philippines"
30,"Marilyn Ross","Ife","Nigeria"
30,"Roberto Vu","Yinchuan","China"
30,"Joshua Mark","Rampur","India"
30,"Manuel Murrell","Jaffna","Sri Lanka"
30,"Greg Robins","Nam Dinh","Vietnam"
30,"Wanda Patterson","Sincelejo","Colombia"
30,"Rosa Reynolds","Lancaster","United States"
30,"Theresa Watson","Taguig","Philippines"
30,"Marcus Hidalgo","Tartu","Estonia"
30,"Ryan Salisbury","Daugavpils","Latvia"
30,"Terrence Gunderson","Jinzhou","China"
30,"Michele Grant","Yuncheng","China"
30,"Sarah Lewis","Liepaja","Latvia"
30,"Monica Hicks","Mukateve","Ukraine"
30,"Clarence Gamez","Izumisano","Japan"
29,"Becky Miles","Tambaram","India"
29,"Teresa Rogers","Iwakuni","Japan"
29,"Terry Carlson","Miyakonojo","Japan"
29,"Roy Whiting","Nyeri","Kenya"
29,"Alvin Deloach","Cuauhtmoc","Mexico"
29,"Clyde Tobias","Shaoguan","China"
29,"Ted Breaux","Baicheng","China"
29,"Debra Nelson","Vila Velha","Brazil"
29,"Clifford Bowens","Nabereznyje Telny","Russian Federation"
29,"Maurice Crawley","Coatzacoalcos","Mexico"
29,"Jerry Jordon","Onomichi","Japan"
29,"Deborah Walker","Shikarpur","Pakistan"
29,"Julie Sanchez","A Corua (La Corua)","Spain"
29,"Hilda Hopkins","Mandaluyong","Philippines"
29,"Cindy Fisher","Cuman","Venezuela"
29,"Steven Curley","Miraj","India"
29,"Jamie Rice","Sterling Heights","United States"
29,"Todd Tan","Kamjanets-Podilskyi","Ukraine"
29,"Ken Prewitt","Bucuresti","Romania"
29,"Miguel Betancourt","Erlangen","Germany"
29,"Jennie Terry","Olomouc","Czech Republic"
29,"Terrance Roush","Szkesfehrvr","Hungary"
29,"Jimmy Schrader","Atinsk","Russian Federation"
29,"Marion Ocampo","Weifang","China"
29,"Michael Silverman","Tiefa","China"
29,"Cathy Spencer","Kakamigahara","Japan"
29,"Jaime Nettles","Hunuco","Peru"
29,"Erik Guillen","Bhimavaram","India"
29,"Dana Hart","Kirovo-Tepetsk","Russian Federation"
29,"Isaac Oglesby","Cuernavaca","Mexico"
29,"Byron Box","Zhezqazghan","Kazakstan"
29,"Audrey Ray","Graz","Austria"
29,"Joe Gilliland","Imus","Philippines"
29,"Nina Soto","Palghat (Palakkad)","India"
29,"Amy Lopez","Jhansi","India"
29,"Herman Devore","Mwanza","Tanzania"
28,"Reginald Kinder","Madiun","Indonesia"
28,"Tina Simmons","Goinia","Brazil"
28,"Dennis Gilman","Paarl","South Africa"
28,"Derek Blakely","Gingoog","Philippines"
28,"Evelyn Morgan","Vaduz","Liechtenstein"
28,"Everett Banda","Bilbays","Egypt"
28,"Tracy Herrmann","Loja","Ecuador"
28,"Lucille Holmes","Soshanguve","South Africa"
28,"Andre Rapp","Coquimbo","Chile"
28,"Randy Gaither","Kurgan","Russian Federation"
28,"Gina Williamson","Taizz","Yemen"
28,"Jimmie Eggleston","Wroclaw","Poland"
28,"Nora Herrera","Salzburg","Austria"
28,"Sonia Gregory","Benin City","Nigeria"
28,"Jason Morrissey","Baha Blanca","Argentina"
28,"Ruby Washington","Meixian","China"
28,"Kristina Chambers","Valle de la Pascua","Venezuela"
28,"Jeremy Hurtado","Vitria de Santo Anto","Brazil"
28,"Brittany Riley","Sumy","Ukraine"
28,"Edward Baugh","Trshavn","Faroe Islands"
28,"Joyce Edwards","Jedda","Saudi Arabia"
28,"Bill Gavin","Rockford","United States"
28,"Sandra Martin","Southend-on-Sea","United Kingdom"
28,"Brandy Graves","Warren","United States"
28,"Mario Cheatham","Batna","Algeria"
28,"Julian Vest","Akishima","Japan"
28,"Jennifer Davis","Laredo","United States"
28,"Lynn Payne","Lilongwe","Malawi"
28,"Jane Bennett","Araatuba","Brazil"
28,"Felicia Sutton","Korla","China"
28,"Enrique Forsythe","Patras","Greece"
28,"Esther Crawford","Botshabelo","South Africa"
28,"Patsy Davidson","Portoviejo","Ecuador"
28,"Betty White","Citrus Heights","United States"
28,"Bessie Morrison","Syrakusa","Italy"
28,"Ellen Simpson","Po","Brazil"
28,"Stephen Qualls","Dhaka","Bangladesh"
28,"Nathaniel Adam","Joliet","United States"
28,"Nancy Thomas","Yamuna Nagar","India"
28,"Bryan Hardison","Dallas","United States"
28,"Gilbert Sledge","York","United Kingdom"
27,"Velma Lucas","Effon-Alaiye","Nigeria"
27,"Clifton Malcolm","Tanshui","Taiwan"
27,"Misty Lambert","Sharja","United Arab Emirates"
27,"Jean Bell","Kuching","Malaysia"
27,"Tracey Barrett","Owo","Nigeria"
27,"Terri Vasquez","Blumenau","Brazil"
27,"Gene Sanborn","Salala","Oman"
27,"Eduardo Hiatt","Jining","China"
27,"Eddie Tomlin","Ozamis","Philippines"
27,"Daryl Larue","Mosul","Iraq"
27,"Allison Stanley","Phnom Penh","Cambodia"
27,"Patricia Johnson","San Bernardino","United States"
27,"Earl Shanks","Iwatsuki","Japan"
27,"Martin Bales","Namibe","Angola"
27,"Amanda Carter","Nador","Morocco"
27,"Jeanne Lawson","Ashgabat","Turkmenistan"
27,"Jenny Castro","Ponce","Puerto Rico"
27,"Erin Dunn","Ljubertsy","Russian Federation"
27,"Virgil Wofford","Jos Azueta","Mexico"
27,"Megan Palmer","Laiwu","China"
27,"Andrew Purdy","Baku","Azerbaijan"
27,"Cheryl Murphy","Mysore","India"
27,"Janet Phillips","Antofagasta","Chile"
27,"Dale Ratcliff","Rustenburg","South Africa"
27,"Diana Alexander","Augusta-Richmond County","United States"
27,"Denise Kelly","Rio Claro","Brazil"
27,"Charlene Alvarez","Zanzibar","Tanzania"
27,"Ian Still","Garland","United States"
27,"Amber Dixon","Touliu","Taiwan"
27,"Kathleen Adams","Arak","Iran"
27,"Lee Hawks","Pudukkottai","India"
27,"Victoria Gibson","Pemalang","Indonesia"
27,"Kent Arsenault","Juiz de Fora","Brazil"
27,"Eric Robert","Santa F","Argentina"
27,"Karen Jackson","Osmaniye","Turkey"
27,"Pauline Henry","Torren","Mexico"
27,"Rick Mattox","Mit Ghamr","Egypt"
27,"Dean Sauer","Johannesburg","South Africa"
27,"Bradley Motley","Purnea (Purnia)","India"
27,"Ross Grey","Iligan","Philippines"
27,"Yolanda Weaver","Tabora","Tanzania"
26,"Mark Rinehart","Tabuk","Saudi Arabia"
26,"Keith Rico","Bratislava","Slovakia"
26,"Josephine Gomez","Etawah","India"
26,"Francis Sikes","San Juan Bautista Tuxtepec","Mexico"
26,"Alfred Casillas","Sawhaj","Egypt"
26,"Elmer Noe","Battambang","Cambodia"
26,"Claudia Fuller","Jalib al-Shuyukh","Kuwait"
26,"Dawn Sullivan","Funafuti","Tuvalu"
26,"Carla Gutierrez","Bhusawal","India"
26,"Glen Talbert","Acua","Mexico"
26,"Jessie Banks","Stara Zagora","Bulgaria"
26,"Arlene Harvey","Ambattur","India"
26,"Marlene Welch","Iwaki","Japan"
26,"Kathryn Coleman","Simferopol","Ukraine"
26,"Georgia Jacobs","Uttarpara-Kotrung","India"
26,"Marie Turner","Lipetsk","Russian Federation"
26,"Jesse Schilling","Lubumbashi","Congo, The Democratic Republic of the"
26,"Hector Poindexter","Pjatigorsk","Russian Federation"
26,"April Burns","Dundee","United Kingdom"
26,"Valerie Black","Brockton","United States"
26,"Beatrice Arnold","Udaipur","India"
26,"Carmen Owens","Caracas","Venezuela"
26,"David Royal","Callao","Peru"
26,"Alan Kahn","Emeishan","China"
26,"Edna West","Klerksdorp","South Africa"
26,"Micheal Forman","Escobar","Argentina"
26,"Larry Thrasher","Adana","Turkey"
26,"Dolores Wagner","Ipoh","Malaysia"
26,"Phillip Holm","Tama","Japan"
26,"Linda Williams","Athenai","Greece"
26,"Miriam Mckinney","Otsu","Japan"
26,"Norman Currier","Cianjur","Indonesia"
26,"Rene Mcalister","Garden Grove","United States"
26,"Ben Easter","Kamyin","Russian Federation"
26,"Howard Fortner","Kermanshah","Iran"
26,"Dustin Gillette","Emmen","Netherlands"
26,"Brenda Wright","Kamarhati","India"
26,"William Satterfield","Sanaa","Yemen"
26,"Cecil Vines","London","United Kingdom"
26,"Billie Horton","Inegl","Turkey"
26,"Ivan Cromwell","Monclova","Mexico"
26,"Gabriel Harder","Sivas","Turkey"
26,"Sergio Stanfield","Celaya","Mexico"
26,"Erika Pena","Oulu","Finland"
26,"Lucy Wheeler","Balurghat","India"
26,"Jay Robb","Surakarta","Indonesia"
26,"Deanna Byrd","Tuguegarao","Philippines"
26,"Shelly Watts","Dayton","United States"
26,"Renee Lane","Compton","United States"
26,"Melvin Ellington","Laohekou","China"
26,"Clayton Barbee","Alvorada","Brazil"
26,"Willie Howell","Vicente Lpez","Argentina"
26,"Charlie Bess","Baiyin","China"
25,"Louise Jenkins","Springs","South Africa"
25,"Seth Hannon","al-Manama","Bahrain"
25,"Vincent Ralston","Allende","Mexico"
25,"Douglas Graf","Mexicali","Mexico"
25,"Fernando Churchill","Tonghae","South Korea"
25,"Willie Markham","Almirante Brown","Argentina"
25,"Darrell Power","Halifax","Canada"
25,"Don Bone","Naala-Porto","Mozambique"
25,"Tamara Nguyen","Anpolis","Brazil"
25,"Jose Andrew","Kingstown","Saint Vincent and the Grenadines"
25,"Wallace Slone","Sokoto","Nigeria"
25,"Chad Carbone","Katihar","India"
25,"Gail Knight","Bern","Switzerland"
25,"Bertha Ferguson","Ondo","Nigeria"
25,"Danielle Daniels","Hidalgo","Mexico"
25,"Edgar Rhoads","Eskisehir","Turkey"
25,"Constance Reid","Zaria","Nigeria"
25,"Fred Wheat","Jurez","Mexico"
25,"Richard Mccrary","Arlington","United States"
25,"Milton Howland","Vijayawada","India"
25,"Thomas Grigsby","Kansas City","United States"
25,"Melanie Armstrong","Bayugan","Philippines"
25,"Lillian Griffin","al-Ayn","United Arab Emirates"
25,"Leah Curtis","Kalisz","Poland"
25,"Ashley Richardson","Lincoln","United States"
25,"Kelly Knott","Sanya","China"
25,"Andy Vanhorn","Huejutla de Reyes","Mexico"
25,"Travis Estep","al-Qatif","Saudi Arabia"
25,"Scott Shelley","Aurora","United States"
25,"Jamie Waugh","Kuwana","Japan"
25,"Vicki Fields","Witten","Germany"
25,"Leon Bostic","Florencia","Colombia"
25,"Claude Herzog","Benguela","Angola"
25,"Clinton Buford","Aurora","United States"
25,"Freddie Duggan","Sullana","Peru"
25,"Beth Franklin","Haiphong","Vietnam"
25,"Gwendolyn May","Higashiosaka","Japan"
25,"Stephanie Mitchell","Yerevan","Armenia"
25,"Ronnie Ricketts","Ziguinchor","Senegal"
25,"Brad Mccurdy","Chungho","Taiwan"
25,"Katie Elliott","Kisumu","Kenya"
25,"Judy Gray","Bchar","Algeria"
25,"Kimberly Lee","Crdoba","Argentina"
25,"Ernest Stepp","Huaian","China"
25,"Dorothy Taylor","Esfahan","Iran"
25,"Jackie Lynch","Buenaventura","Colombia"
25,"Gary Coy","Yuzhou","China"
25,"Sidney Burleson","Czestochowa","Poland"
25,"Ricky Shelby","Junan","China"
25,"Mildred Bailey","Jaipur","India"
24,"Beverly Brooks","Chiayi","Taiwan"
24,"Felix Gaffney","Vilnius","Lithuania"
24,"Jesus Mccartney","Guaruj","Brazil"
24,"Christian Jung","Amroha","India"
24,"Bob Pfeiffer","Xintai","China"
24,"Colleen Burton","Saarbrcken","Germany"
24,"Elaine Stevens","Smolensk","Russian Federation"
24,"Bobbie Craig","Valle de Santiago","Mexico"
24,"Lydia Burke","San Miguel de Tucumn","Argentina"
24,"Rebecca Scott","Kurashiki","Japan"
24,"Jack Foust","Zeleznogorsk","Russian Federation"
24,"Susan Wilson","Hamilton","New Zealand"
24,"Shannon Freeman","Varanasi (Benares)","India"
24,"Emily Diaz","Kimchon","South Korea"
24,"Johnnie Chisholm","Plock","Poland"
24,"Cory Meehan","Mogiljov","Belarus"
24,"Christine Roberts","Faaa","French Polynesia"
24,"Tyrone Asher","Ruse","Bulgaria"
24,"Lisa Anderson","Sagamihara","Japan"
24,"Myrtle Fleming","Santiago de los Caballeros","Dominican Republic"
24,"Annette Olson","Allappuzha (Alleppey)","India"
24,"Rita Graham","Toulon","France"
24,"Perry Swafford","Quilmes","Argentina"
24,"Suzanne Nichols","Jakarta","Indonesia"
24,"Ruth Martinez","Kimberley","South Africa"
24,"Robin Hayes","Jelets","Russian Federation"
24,"Sam Mcduffie","Sogamoso","Colombia"
24,"Victor Barkley","Manchester","United States"
24,"Pedro Chestnut","ostka","Ukraine"
24,"Max Pitt","Novi Sad","Yugoslavia"
24,"Charlotte Hunter","guas Lindas de Gois","Brazil"
24,"Chester Benner","Suihua","China"
24,"Darren Windham","Livorno","Italy"
24,"Aaron Selby","Mwene-Ditu","Congo, The Democratic Republic of the"
24,"Peggy Myers","Abha","Saudi Arabia"
24,"Jon Wiles","El Alto","Bolivia"
23,"Toni Holt","Roanoke","United States"
23,"Anne Powell","Bradford","United Kingdom"
23,"Glenn Pullen","Amersfoort","Netherlands"
23,"Peter Menard","Ede","Netherlands"
23,"Vivian Ruiz","s-Hertogenbosch","Netherlands"
23,"Darryl Ashcraft","Ezeiza","Argentina"
23,"Gregory Mauldin","Sousse","Tunisia"
23,"Roberta Harper","Shahr-e Kord","Iran"
23,"Irene Price","Pavlodar","Kazakstan"
23,"Rodney Moeller","Deba Habe","Nigeria"
23,"Phyllis Foster","Zalantun","China"
23,"Dora Medina","Tianjin","China"
23,"Connie Wallace","Ivanovo","Russian Federation"
23,"Carlos Coughlin","Bhavnagar","India"
23,"Leo Ebert","Dongying","China"
23,"Ida Andrews","Luzinia","Brazil"
23,"Roland South","Yingkou","China"
23,"Brent Harkins","Sultanbeyli","Turkey"
23,"Juan Fraley","Teboksary","Russian Federation"
23,"Carl Artis","San Lorenzo","Paraguay"
23,"Ron Deluca","Isesaki","Japan"
23,"Joan Cooper","Saint Louis","United States"
23,"Joel Francisco","Sucre","Bolivia"
23,"Randall Neumann","La Romana","Dominican Republic"
23,"Calvin Martel","Maracabo","Venezuela"
23,"Jeffrey Spear","Ciparay","Indonesia"
23,"Bruce Schwarz","Okinawa","Japan"
23,"Margaret Moore","Masqat","Oman"
23,"Donald Mahon","Ezhou","China"
23,"Albert Crouse","Bamenda","Cameroon"
23,"Marshall Thorn","Southampton","United Kingdom"
23,"Samantha Duncan","Matamoros","Mexico"
23,"Stacy Cunningham","Pereira","Colombia"
23,"Marian Mendoza","Maring","Brazil"
23,"Paul Trout","Kursk","Russian Federation"
23,"Edwin Burk","Newcastle","South Africa"
23,"Sean Douglass","Addis Abeba","Ethiopia"
23,"Lillie Kim","Idfu","Egypt"
23,"Natalie Meyer","Aparecida de Goinia","Brazil"
23,"Pamela Baker","Nanyang","China"
23,"Benjamin Varney","Guadalajara","Mexico"
23,"Laurie Lawrence","Firozabad","India"
23,"Emma Boyd","Qalyub","Egypt"
23,"Agnes Bishop","Sambhal","India"
23,"Kurt Emmons","Kanazawa","Japan"
22,"Adam Gooch","Adoni","India"
22,"Shane Millard","La Paz","Mexico"
22,"Franklin Troutman","Zaoyang","China"
22,"Mathew Bolin","Valencia","Venezuela"
22,"Erica Matthews","Pingxiang","China"
22,"Dan Paine","Stockport","United Kingdom"
22,"Francisco Skidmore","So Leopoldo","Brazil"
22,"Cody Nolen","So Bernardo do Campo","Brazil"
22,"Loretta Carpenter","Oshawa","Canada"
22,"Harvey Guajardo","Vinh","Vietnam"
22,"Rachel Barnes","Kamakura","Japan"
22,"Bernard Colby","Dhule (Dhulia)","India"
22,"Leslie Gordon","Kilis","Turkey"
22,"Derrick Bourque","Gatineau","Canada"
22,"Rose Howard","Cayenne","French Guiana"
22,"Barbara Jones","Myingyan","Myanmar"
22,"Laura Rodriguez","Sal","Morocco"
22,"Willard Lumpkin","Carmen","Mexico"
22,"Kelly Torres","Xiangtan","China"
22,"Timothy Bunn","Braslia","Brazil"
22,"Stella Moreno","Coacalco de Berriozbal","Mexico"
22,"Wade Delvalle","Lausanne","Switzerland"
22,"Doris Reed","Balaiha","Russian Federation"
22,"Lance Pemberton","Beni-Mellal","Morocco"
22,"Nicole Peterson","Shivapuri","India"
22,"Pearl Garza","Jodhpur","India"
22,"Kevin Schuler","Birgunj","Nepal"
22,"Frances Parker","Juazeiro do Norte","Brazil"
22,"Ray Houle","Dzerzinsk","Russian Federation"
22,"Carol Garcia","Kaduna","Nigeria"
22,"Dwayne Olvera","Rajkot","India"
22,"Corey Hauser","Gaziantep","Turkey"
22,"Chris Brothers","Gijn","Spain"
22,"Andrea Henderson","Mahajanga","Madagascar"
22,"Mattie Hoffman","London","United Kingdom"
21,"Marvin Yee","Berhampore (Baharampur)","India"
21,"Rafael Abney","Talavera","Philippines"
21,"Frederick Isbell","Tsuyama","Japan"
21,"Bonnie Hughes","Cheju","South Korea"
21,"Donna Thompson","Elista","Russian Federation"
21,"Tony Carranza","Koriyama","Japan"
21,"Danny Isom","Okara","Pakistan"
21,"Alberto Henning","Barcelona","Venezuela"
21,"Alicia Mills","Nagaon","India"
21,"Armando Gruber","Southport","United Kingdom"
21,"Kim Cruz","Grand Prairie","United States"
21,"Lorraine Stephens","Hami","China"
21,"Nellie Garrett","Shimoga","India"
21,"Jill Hawkins","Linz","Austria"
21,"Delores Hansen","Jaroslavl","Russian Federation"
21,"Julio Noland","Konotop","Ukraine"
21,"Tyler Wren","Rizhao","China"
21,"Ruben Geary","Lublin","Poland"
21,"Norma Gonzales","Bislig","Philippines"
21,"Allen Butterfield","Hoshiarpur","India"
21,"Anna Hill","Alessandria","Italy"
21,"Yvonne Watkins","Ocumare del Tuy","Venezuela"
21,"Robert Baughman","Kaliningrad","Russian Federation"
21,"Hugh Waldrop","Haining","China"
21,"Ricardo Meador","Okayama","Japan"
21,"Maureen Little","Asuncin","Paraguay"
21,"Samuel Marlow","Ranchi","India"
21,"Jacob Lance","El Monte","United States"
20,"Jo Fowler","Oyo","Nigeria"
20,"Nelson Christenson","Santiago de Compostela","Spain"
20,"Raul Fortier","Chapra","India"
20,"Alfredo Mcadams","Serpuhov","Russian Federation"
20,"Wilma Richards","Bellevue","United States"
20,"Daniel Cabral","Ibirit","Brazil"
20,"Anthony Schwab","Tafuna","American Samoa"
20,"Luis Yanez","Brest","France"
20,"Tara Ryan","Gorontalo","Indonesia"
20,"Kay Caldwell","Yantai","China"
20,"Lauren Hudson","Le Mans","France"
20,"Terry Grissom","Matsue","Japan"
20,"Herbert Kruger","Syktyvkar","Russian Federation"
20,"Oscar Aquino","Sirjan","Iran"
20,"Jeanette Greene","Novoterkassk","Russian Federation"
19,"Wayne Truong","Gulbarga","India"
19,"Lewis Lyman","Ashqelon","Israel"
19,"Jared Ely","Purwakarta","Indonesia"
19,"Vanessa Sims","Siegen","Germany"
19,"Eugene Culpepper","Shenzhen","China"
19,"Lloyd Dowd","Tegal","Indonesia"
19,"Edith Mcdonald","Gandhinagar","India"
19,"Allan Cornish","Tarlac","Philippines"
19,"Johnny Turpin","al-Qadarif","Sudan"
19,"Kirk Stclair","Tsaotun","Taiwan"
19,"Adrian Clary","Udine","Italy"
19,"Austin Cintron","Tieli","China"
18,"Lonnie Tirado","Pangkal Pinang","Indonesia"
18,"Paula Bryant","Pathankot","India"
18,"Eileen Carr","Ciudad del Este","Paraguay"
18,"Christina Ramirez","al-Hawiya","Saudi Arabia"
18,"Jonathan Scarborough","Pachuca de Soto","Mexico"
18,"Penny Neal","Kumbakonam","India"
18,"Annie Russell","Tete","Mozambique"
18,"Vera Mccoy","Kabul","Afghanistan"
18,"Eva Ramos","Clarksville","United States"
18,"Kristen Chavez","Hino","Japan"
18,"Irma Pearson","Hagonoy","Philippines"
18,"Henry Billingsley","Nukualofa","Tonga"
18,"Sheila Wells","Ktahya","Turkey"
18,"Vernon Chapa","Denizli","Turkey"
17,"Melinda Fernandez","Mandi Bahauddin","Pakistan"
17,"Ann Evans","Niznekamsk","Russian Federation"
17,"Kenneth Gooden","Bat Yam","Israel"
17,"Floyd Gandy","Zapopan","Mexico"
17,"Dwight Lombardi","Chatsworth","South Africa"
16,"Jerome Kenyon","Rancagua","Chile"
16,"Lester Kraus","Kanchrapara","India"
16,"Antonio Meek","Bag","Brazil"
16,"Joann Gardner","Tarsus","Turkey"
15,"Anita Morales","Hubli-Dharwad","India"
15,"Caroline Bowman","Tallahassee","United States"
14,"Katherine Rivera","Basel","Switzerland"
14,"Tiffany Jordan","Enshi","China"
14,"Leona Obrien","Fuzhou","China"
12,"Brian Wyman","Bydgoszcz","Poland"
