"rental_id","customer_id","full_name","city_id","city","country_id","country"
5755,2,"Patricia Johnson",449,"San Bernardino",103,"United States"
9248,2,"Patricia Johnson",449,"San Bernardino",103,"United States"
10918,2,"Patricia Johnson",449,"San Bernardino",103,"United States"
5636,2,"Patricia Johnson",449,"San Bernardino",103,"United States"
9465,2,"Patricia Johnson",449,"San Bernardino",103,"United States"
10466,2,"Patricia Johnson",449,"San Bernardino",103,"United States"
14475,2,"Patricia Johnson",449,"San Bernardino",103,"United States"
7459,2,"Patricia Johnson",449,"San Bernardino",103,"United States"
12963,2,"Patricia Johnson",449,"San Bernardino",103,"United States"
15907,2,"Patricia Johnson",449,"San Bernardino",103,"United States"
8230,2,"Patricia Johnson",449,"San Bernardino",103,"United States"
11256,2,"Patricia Johnson",449,"San Bernardino",103,"United States"
11177,2,"Patricia Johnson",449,"San Bernardino",103,"United States"
9031,2,"Patricia Johnson",449,"San Bernardino",103,"United States"
320,2,"Patricia Johnson",449,"San Bernardino",103,"United States"
2128,2,"Patricia Johnson",449,"San Bernardino",103,"United States"
14743,2,"Patricia Johnson",449,"San Bernardino",103,"United States"
7346,2,"Patricia Johnson",449,"San Bernardino",103,"United States"
15145,2,"Patricia Johnson",449,"San Bernardino",103,"United States"
7376,2,"Patricia Johnson",449,"San Bernardino",103,"United States"
8598,2,"Patricia Johnson",449,"San Bernardino",103,"United States"
9296,2,"Patricia Johnson",449,"San Bernardino",103,"United States"
9236,2,"Patricia Johnson",449,"San Bernardino",103,"United States"
8705,2,"Patricia Johnson",449,"San Bernardino",103,"United States"
10136,2,"Patricia Johnson",449,"San Bernardino",103,"United States"
11087,2,"Patricia Johnson",449,"San Bernardino",103,"United States"
11614,2,"Patricia Johnson",449,"San Bernardino",103,"United States"
11398,6,"Jennifer Davis",295,"Laredo",103,"United States"
7136,6,"Jennifer Davis",295,"Laredo",103,"United States"
6686,6,"Jennifer Davis",295,"Laredo",103,"United States"
577,6,"Jennifer Davis",295,"Laredo",103,"United States"
6211,6,"Jennifer Davis",295,"Laredo",103,"United States"
2345,6,"Jennifer Davis",295,"Laredo",103,"United States"
11591,6,"Jennifer Davis",295,"Laredo",103,"United States"
916,6,"Jennifer Davis",295,"Laredo",103,"United States"
1575,6,"Jennifer Davis",295,"Laredo",103,"United States"
10271,6,"Jennifer Davis",295,"Laredo",103,"United States"
11023,6,"Jennifer Davis",295,"Laredo",103,"United States"
15509,6,"Jennifer Davis",295,"Laredo",103,"United States"
4278,6,"Jennifer Davis",295,"Laredo",103,"United States"
6248,6,"Jennifer Davis",295,"Laredo",103,"United States"
15603,6,"Jennifer Davis",295,"Laredo",103,"United States"
11727,6,"Jennifer Davis",295,"Laredo",103,"United States"
7099,6,"Jennifer Davis",295,"Laredo",103,"United States"
57,6,"Jennifer Davis",295,"Laredo",103,"United States"
8101,6,"Jennifer Davis",295,"Laredo",103,"United States"
12254,6,"Jennifer Davis",295,"Laredo",103,"United States"
13451,6,"Jennifer Davis",295,"Laredo",103,"United States"
3983,6,"Jennifer Davis",295,"Laredo",103,"United States"
1841,6,"Jennifer Davis",295,"Laredo",103,"United States"
14377,6,"Jennifer Davis",295,"Laredo",103,"United States"
11853,6,"Jennifer Davis",295,"Laredo",103,"United States"
14329,6,"Jennifer Davis",295,"Laredo",103,"United States"
5553,6,"Jennifer Davis",295,"Laredo",103,"United States"
1966,6,"Jennifer Davis",295,"Laredo",103,"United States"
8548,14,"Betty White",120,"Citrus Heights",103,"United States"
9438,14,"Betty White",120,"Citrus Heights",103,"United States"
1360,14,"Betty White",120,"Citrus Heights",103,"United States"
4952,14,"Betty White",120,"Citrus Heights",103,"United States"
5104,14,"Betty White",120,"Citrus Heights",103,"United States"
11480,14,"Betty White",120,"Citrus Heights",103,"United States"
346,14,"Betty White",120,"Citrus Heights",103,"United States"
3707,14,"Betty White",120,"Citrus Heights",103,"United States"
5317,14,"Betty White",120,"Citrus Heights",103,"United States"
5383,14,"Betty White",120,"Citrus Heights",103,"United States"
11528,14,"Betty White",120,"Citrus Heights",103,"United States"
12668,14,"Betty White",120,"Citrus Heights",103,"United States"
525,14,"Betty White",120,"Citrus Heights",103,"United States"
5565,14,"Betty White",120,"Citrus Heights",103,"United States"
8836,14,"Betty White",120,"Citrus Heights",103,"United States"
151,14,"Betty White",120,"Citrus Heights",103,"United States"
671,14,"Betty White",120,"Citrus Heights",103,"United States"
10526,14,"Betty White",120,"Citrus Heights",103,"United States"
10348,14,"Betty White",120,"Citrus Heights",103,"United States"
815,14,"Betty White",120,"Citrus Heights",103,"United States"
15373,14,"Betty White",120,"Citrus Heights",103,"United States"
8042,14,"Betty White",120,"Citrus Heights",103,"United States"
8035,14,"Betty White",120,"Citrus Heights",103,"United States"
15015,14,"Betty White",120,"Citrus Heights",103,"United States"
13757,14,"Betty White",120,"Citrus Heights",103,"United States"
13780,14,"Betty White",120,"Citrus Heights",103,"United States"
16045,14,"Betty White",120,"Citrus Heights",103,"United States"
9592,14,"Betty White",120,"Citrus Heights",103,"United States"
2631,39,"Debra Nelson",569,"Vila Velha",15,"Brazil"
8723,39,"Debra Nelson",569,"Vila Velha",15,"Brazil"
5451,39,"Debra Nelson",569,"Vila Velha",15,"Brazil"
12268,39,"Debra Nelson",569,"Vila Velha",15,"Brazil"
15124,39,"Debra Nelson",569,"Vila Velha",15,"Brazil"
10126,39,"Debra Nelson",569,"Vila Velha",15,"Brazil"
4695,39,"Debra Nelson",569,"Vila Velha",15,"Brazil"
4419,39,"Debra Nelson",569,"Vila Velha",15,"Brazil"
10052,39,"Debra Nelson",569,"Vila Velha",15,"Brazil"
1625,39,"Debra Nelson",569,"Vila Velha",15,"Brazil"
2135,39,"Debra Nelson",569,"Vila Velha",15,"Brazil"
9431,39,"Debra Nelson",569,"Vila Velha",15,"Brazil"
9656,39,"Debra Nelson",569,"Vila Velha",15,"Brazil"
1905,39,"Debra Nelson",569,"Vila Velha",15,"Brazil"
8366,39,"Debra Nelson",569,"Vila Velha",15,"Brazil"
10639,39,"Debra Nelson",569,"Vila Velha",15,"Brazil"
2876,39,"Debra Nelson",569,"Vila Velha",15,"Brazil"
10630,39,"Debra Nelson",569,"Vila Velha",15,"Brazil"
4712,39,"Debra Nelson",569,"Vila Velha",15,"Brazil"
13101,39,"Debra Nelson",569,"Vila Velha",15,"Brazil"
6045,39,"Debra Nelson",569,"Vila Velha",15,"Brazil"
4727,39,"Debra Nelson",569,"Vila Velha",15,"Brazil"
8307,39,"Debra Nelson",569,"Vila Velha",15,"Brazil"
10269,39,"Debra Nelson",569,"Vila Velha",15,"Brazil"
8805,39,"Debra Nelson",569,"Vila Velha",15,"Brazil"
5515,39,"Debra Nelson",569,"Vila Velha",15,"Brazil"
10251,39,"Debra Nelson",569,"Vila Velha",15,"Brazil"
2439,39,"Debra Nelson",569,"Vila Velha",15,"Brazil"
12459,39,"Debra Nelson",569,"Vila Velha",15,"Brazil"
8863,47,"Frances Parker",247,"Juazeiro do Norte",15,"Brazil"
6164,47,"Frances Parker",247,"Juazeiro do Norte",15,"Brazil"
14397,47,"Frances Parker",247,"Juazeiro do Norte",15,"Brazil"
9274,47,"Frances Parker",247,"Juazeiro do Norte",15,"Brazil"
6153,47,"Frances Parker",247,"Juazeiro do Norte",15,"Brazil"
3320,47,"Frances Parker",247,"Juazeiro do Norte",15,"Brazil"
175,47,"Frances Parker",247,"Juazeiro do Norte",15,"Brazil"
1882,47,"Frances Parker",247,"Juazeiro do Norte",15,"Brazil"
4064,47,"Frances Parker",247,"Juazeiro do Norte",15,"Brazil"
6337,47,"Frances Parker",247,"Juazeiro do Norte",15,"Brazil"
207,47,"Frances Parker",247,"Juazeiro do Norte",15,"Brazil"
12215,47,"Frances Parker",247,"Juazeiro do Norte",15,"Brazil"
2307,47,"Frances Parker",247,"Juazeiro do Norte",15,"Brazil"
8159,47,"Frances Parker",247,"Juazeiro do Norte",15,"Brazil"
11126,47,"Frances Parker",247,"Juazeiro do Norte",15,"Brazil"
11477,47,"Frances Parker",247,"Juazeiro do Norte",15,"Brazil"
3631,47,"Frances Parker",247,"Juazeiro do Norte",15,"Brazil"
12274,47,"Frances Parker",247,"Juazeiro do Norte",15,"Brazil"
300,47,"Frances Parker",247,"Juazeiro do Norte",15,"Brazil"
8402,47,"Frances Parker",247,"Juazeiro do Norte",15,"Brazil"
15846,47,"Frances Parker",247,"Juazeiro do Norte",15,"Brazil"
5174,47,"Frances Parker",247,"Juazeiro do Norte",15,"Brazil"
12725,51,"Alice Stewart",171,"Fontana",103,"United States"
8495,51,"Alice Stewart",171,"Fontana",103,"United States"
8693,51,"Alice Stewart",171,"Fontana",103,"United States"
7636,51,"Alice Stewart",171,"Fontana",103,"United States"
8880,51,"Alice Stewart",171,"Fontana",103,"United States"
661,51,"Alice Stewart",171,"Fontana",103,"United States"
7398,51,"Alice Stewart",171,"Fontana",103,"United States"
1028,51,"Alice Stewart",171,"Fontana",103,"United States"
14903,51,"Alice Stewart",171,"Fontana",103,"United States"
7207,51,"Alice Stewart",171,"Fontana",103,"United States"
1373,51,"Alice Stewart",171,"Fontana",103,"United States"
14617,51,"Alice Stewart",171,"Fontana",103,"United States"
1477,51,"Alice Stewart",171,"Fontana",103,"United States"
14512,51,"Alice Stewart",171,"Fontana",103,"United States"
9649,51,"Alice Stewart",171,"Fontana",103,"United States"
14221,51,"Alice Stewart",171,"Fontana",103,"United States"
13882,51,"Alice Stewart",171,"Fontana",103,"United States"
13868,51,"Alice Stewart",171,"Fontana",103,"United States"
10244,51,"Alice Stewart",171,"Fontana",103,"United States"
13302,51,"Alice Stewart",171,"Fontana",103,"United States"
13098,51,"Alice Stewart",171,"Fontana",103,"United States"
10780,51,"Alice Stewart",171,"Fontana",103,"United States"
10894,51,"Alice Stewart",171,"Fontana",103,"United States"
5606,51,"Alice Stewart",171,"Fontana",103,"United States"
5473,51,"Alice Stewart",171,"Fontana",103,"United States"
3525,51,"Alice Stewart",171,"Fontana",103,"United States"
5304,51,"Alice Stewart",171,"Fontana",103,"United States"
12184,51,"Alice Stewart",171,"Fontana",103,"United States"
5230,51,"Alice Stewart",171,"Fontana",103,"United States"
11302,51,"Alice Stewart",171,"Fontana",103,"United States"
11751,51,"Alice Stewart",171,"Fontana",103,"United States"
119,51,"Alice Stewart",171,"Fontana",103,"United States"
11685,51,"Alice Stewart",171,"Fontana",103,"United States"
13512,62,"Joan Cooper",441,"Saint Louis",103,"United States"
885,62,"Joan Cooper",441,"Saint Louis",103,"United States"
15464,62,"Joan Cooper",441,"Saint Louis",103,"United States"
11297,62,"Joan Cooper",441,"Saint Louis",103,"United States"
1486,62,"Joan Cooper",441,"Saint Louis",103,"United States"
8360,62,"Joan Cooper",441,"Saint Louis",103,"United States"
10080,62,"Joan Cooper",441,"Saint Louis",103,"United States"
3327,62,"Joan Cooper",441,"Saint Louis",103,"United States"
3287,62,"Joan Cooper",441,"Saint Louis",103,"United States"
3843,62,"Joan Cooper",441,"Saint Louis",103,"United States"
15591,62,"Joan Cooper",441,"Saint Louis",103,"United States"
14574,62,"Joan Cooper",441,"Saint Louis",103,"United States"
3021,62,"Joan Cooper",441,"Saint Louis",103,"United States"
3035,62,"Joan Cooper",441,"Saint Louis",103,"United States"
10815,62,"Joan Cooper",441,"Saint Louis",103,"United States"
4159,62,"Joan Cooper",441,"Saint Louis",103,"United States"
1241,62,"Joan Cooper",441,"Saint Louis",103,"United States"
14594,62,"Joan Cooper",441,"Saint Louis",103,"United States"
5292,62,"Joan Cooper",441,"Saint Louis",103,"United States"
1587,62,"Joan Cooper",441,"Saint Louis",103,"United States"
947,62,"Joan Cooper",441,"Saint Louis",103,"United States"
14821,62,"Joan Cooper",441,"Saint Louis",103,"United States"
11988,62,"Joan Cooper",441,"Saint Louis",103,"United States"
9795,63,"Ashley Richardson",306,"Lincoln",103,"United States"
10148,63,"Ashley Richardson",306,"Lincoln",103,"United States"
15060,63,"Ashley Richardson",306,"Lincoln",103,"United States"
11902,63,"Ashley Richardson",306,"Lincoln",103,"United States"
6847,63,"Ashley Richardson",306,"Lincoln",103,"United States"
9546,63,"Ashley Richardson",306,"Lincoln",103,"United States"
9549,63,"Ashley Richardson",306,"Lincoln",103,"United States"
3923,63,"Ashley Richardson",306,"Lincoln",103,"United States"
4587,63,"Ashley Richardson",306,"Lincoln",103,"United States"
12342,63,"Ashley Richardson",306,"Lincoln",103,"United States"
1818,63,"Ashley Richardson",306,"Lincoln",103,"United States"
6769,63,"Ashley Richardson",306,"Lincoln",103,"United States"
12515,63,"Ashley Richardson",306,"Lincoln",103,"United States"
14931,63,"Ashley Richardson",306,"Lincoln",103,"United States"
5585,63,"Ashley Richardson",306,"Lincoln",103,"United States"
12954,63,"Ashley Richardson",306,"Lincoln",103,"United States"
5788,63,"Ashley Richardson",306,"Lincoln",103,"United States"
5832,63,"Ashley Richardson",306,"Lincoln",103,"United States"
13089,63,"Ashley Richardson",306,"Lincoln",103,"United States"
9938,63,"Ashley Richardson",306,"Lincoln",103,"United States"
10288,63,"Ashley Richardson",306,"Lincoln",103,"United States"
8311,63,"Ashley Richardson",306,"Lincoln",103,"United States"
9007,63,"Ashley Richardson",306,"Lincoln",103,"United States"
15229,63,"Ashley Richardson",306,"Lincoln",103,"United States"
13624,63,"Ashley Richardson",306,"Lincoln",103,"United States"
15500,74,"Denise Kelly",431,"Rio Claro",15,"Brazil"
10624,74,"Denise Kelly",431,"Rio Claro",15,"Brazil"
12374,74,"Denise Kelly",431,"Rio Claro",15,"Brazil"
5917,74,"Denise Kelly",431,"Rio Claro",15,"Brazil"
16046,74,"Denise Kelly",431,"Rio Claro",15,"Brazil"
13747,74,"Denise Kelly",431,"Rio Claro",15,"Brazil"
13335,74,"Denise Kelly",431,"Rio Claro",15,"Brazil"
2517,74,"Denise Kelly",431,"Rio Claro",15,"Brazil"
5530,74,"Denise Kelly",431,"Rio Claro",15,"Brazil"
2498,74,"Denise Kelly",431,"Rio Claro",15,"Brazil"
6241,74,"Denise Kelly",431,"Rio Claro",15,"Brazil"
15325,74,"Denise Kelly",431,"Rio Claro",15,"Brazil"
3445,74,"Denise Kelly",431,"Rio Claro",15,"Brazil"
15739,74,"Denise Kelly",431,"Rio Claro",15,"Brazil"
13520,74,"Denise Kelly",431,"Rio Claro",15,"Brazil"
6475,74,"Denise Kelly",431,"Rio Claro",15,"Brazil"
7304,74,"Denise Kelly",431,"Rio Claro",15,"Brazil"
13583,74,"Denise Kelly",431,"Rio Claro",15,"Brazil"
9112,74,"Denise Kelly",431,"Rio Claro",15,"Brazil"
5603,74,"Denise Kelly",431,"Rio Claro",15,"Brazil"
3020,74,"Denise Kelly",431,"Rio Claro",15,"Brazil"
3819,74,"Denise Kelly",431,"Rio Claro",15,"Brazil"
1121,74,"Denise Kelly",431,"Rio Claro",15,"Brazil"
10051,74,"Denise Kelly",431,"Rio Claro",15,"Brazil"
15286,74,"Denise Kelly",431,"Rio Claro",15,"Brazil"
8796,74,"Denise Kelly",431,"Rio Claro",15,"Brazil"
12477,74,"Denise Kelly",431,"Rio Claro",15,"Brazil"
8942,77,"Jane Bennett",30,"Araatuba",15,"Brazil"
1710,77,"Jane Bennett",30,"Araatuba",15,"Brazil"
9811,77,"Jane Bennett",30,"Araatuba",15,"Brazil"
13752,77,"Jane Bennett",30,"Araatuba",15,"Brazil"
6390,77,"Jane Bennett",30,"Araatuba",15,"Brazil"
2354,77,"Jane Bennett",30,"Araatuba",15,"Brazil"
10184,77,"Jane Bennett",30,"Araatuba",15,"Brazil"
2452,77,"Jane Bennett",30,"Araatuba",15,"Brazil"
7406,77,"Jane Bennett",30,"Araatuba",15,"Brazil"
15359,77,"Jane Bennett",30,"Araatuba",15,"Brazil"
6168,77,"Jane Bennett",30,"Araatuba",15,"Brazil"
760,77,"Jane Bennett",30,"Araatuba",15,"Brazil"
11469,77,"Jane Bennett",30,"Araatuba",15,"Brazil"
10886,77,"Jane Bennett",30,"Araatuba",15,"Brazil"
3151,77,"Jane Bennett",30,"Araatuba",15,"Brazil"
10895,77,"Jane Bennett",30,"Araatuba",15,"Brazil"
586,77,"Jane Bennett",30,"Araatuba",15,"Brazil"
3238,77,"Jane Bennett",30,"Araatuba",15,"Brazil"
561,77,"Jane Bennett",30,"Araatuba",15,"Brazil"
10991,77,"Jane Bennett",30,"Araatuba",15,"Brazil"
419,77,"Jane Bennett",30,"Araatuba",15,"Brazil"
12328,77,"Jane Bennett",30,"Araatuba",15,"Brazil"
7710,77,"Jane Bennett",30,"Araatuba",15,"Brazil"
11767,77,"Jane Bennett",30,"Araatuba",15,"Brazil"
319,77,"Jane Bennett",30,"Araatuba",15,"Brazil"
12065,77,"Jane Bennett",30,"Araatuba",15,"Brazil"
4928,77,"Jane Bennett",30,"Araatuba",15,"Brazil"
14530,77,"Jane Bennett",30,"Araatuba",15,"Brazil"
13495,92,"Tina Simmons",183,"Goinia",15,"Brazil"
8938,92,"Tina Simmons",183,"Goinia",15,"Brazil"
7832,92,"Tina Simmons",183,"Goinia",15,"Brazil"
3716,92,"Tina Simmons",183,"Goinia",15,"Brazil"
3595,92,"Tina Simmons",183,"Goinia",15,"Brazil"
11245,92,"Tina Simmons",183,"Goinia",15,"Brazil"
5497,92,"Tina Simmons",183,"Goinia",15,"Brazil"
2084,92,"Tina Simmons",183,"Goinia",15,"Brazil"
2740,92,"Tina Simmons",183,"Goinia",15,"Brazil"
5919,92,"Tina Simmons",183,"Goinia",15,"Brazil"
14798,92,"Tina Simmons",183,"Goinia",15,"Brazil"
4360,92,"Tina Simmons",183,"Goinia",15,"Brazil"
6277,92,"Tina Simmons",183,"Goinia",15,"Brazil"
271,92,"Tina Simmons",183,"Goinia",15,"Brazil"
8494,92,"Tina Simmons",183,"Goinia",15,"Brazil"
4828,92,"Tina Simmons",183,"Goinia",15,"Brazil"
11203,92,"Tina Simmons",183,"Goinia",15,"Brazil"
5620,92,"Tina Simmons",183,"Goinia",15,"Brazil"
5792,92,"Tina Simmons",183,"Goinia",15,"Brazil"
456,92,"Tina Simmons",183,"Goinia",15,"Brazil"
2521,92,"Tina Simmons",183,"Goinia",15,"Brazil"
11849,92,"Tina Simmons",183,"Goinia",15,"Brazil"
13620,92,"Tina Simmons",183,"Goinia",15,"Brazil"
9240,92,"Tina Simmons",183,"Goinia",15,"Brazil"
13020,92,"Tina Simmons",183,"Goinia",15,"Brazil"
7073,92,"Tina Simmons",183,"Goinia",15,"Brazil"
14998,92,"Tina Simmons",183,"Goinia",15,"Brazil"
6158,92,"Tina Simmons",183,"Goinia",15,"Brazil"
10031,96,"Diana Alexander",41,"Augusta-Richmond County",103,"United States"
11864,96,"Diana Alexander",41,"Augusta-Richmond County",103,"United States"
8437,96,"Diana Alexander",41,"Augusta-Richmond County",103,"United States"
1413,96,"Diana Alexander",41,"Augusta-Richmond County",103,"United States"
15989,96,"Diana Alexander",41,"Augusta-Richmond County",103,"United States"
12525,96,"Diana Alexander",41,"Augusta-Richmond County",103,"United States"
3308,96,"Diana Alexander",41,"Augusta-Richmond County",103,"United States"
5558,96,"Diana Alexander",41,"Augusta-Richmond County",103,"United States"
1266,96,"Diana Alexander",41,"Augusta-Richmond County",103,"United States"
3720,96,"Diana Alexander",41,"Augusta-Richmond County",103,"United States"
3742,96,"Diana Alexander",41,"Augusta-Richmond County",103,"United States"
14462,96,"Diana Alexander",41,"Augusta-Richmond County",103,"United States"
13514,96,"Diana Alexander",41,"Augusta-Richmond County",103,"United States"
12199,96,"Diana Alexander",41,"Augusta-Richmond County",103,"United States"
9315,96,"Diana Alexander",41,"Augusta-Richmond County",103,"United States"
1437,96,"Diana Alexander",41,"Augusta-Richmond County",103,"United States"
9093,96,"Diana Alexander",41,"Augusta-Richmond County",103,"United States"
2372,96,"Diana Alexander",41,"Augusta-Richmond County",103,"United States"
2973,96,"Diana Alexander",41,"Augusta-Richmond County",103,"United States"
13855,96,"Diana Alexander",41,"Augusta-Richmond County",103,"United States"
9662,96,"Diana Alexander",41,"Augusta-Richmond County",103,"United States"
4961,96,"Diana Alexander",41,"Augusta-Richmond County",103,"United States"
5696,96,"Diana Alexander",41,"Augusta-Richmond County",103,"United States"
5678,96,"Diana Alexander",41,"Augusta-Richmond County",103,"United States"
8125,96,"Diana Alexander",41,"Augusta-Richmond County",103,"United States"
3463,96,"Diana Alexander",41,"Augusta-Richmond County",103,"United States"
11984,96,"Diana Alexander",41,"Augusta-Richmond County",103,"United States"
10038,112,"Rosa Reynolds",292,"Lancaster",103,"United States"
13879,112,"Rosa Reynolds",292,"Lancaster",103,"United States"
9609,112,"Rosa Reynolds",292,"Lancaster",103,"United States"
6550,112,"Rosa Reynolds",292,"Lancaster",103,"United States"
7691,112,"Rosa Reynolds",292,"Lancaster",103,"United States"
11019,112,"Rosa Reynolds",292,"Lancaster",103,"United States"
11863,112,"Rosa Reynolds",292,"Lancaster",103,"United States"
13611,112,"Rosa Reynolds",292,"Lancaster",103,"United States"
701,112,"Rosa Reynolds",292,"Lancaster",103,"United States"
15671,112,"Rosa Reynolds",292,"Lancaster",103,"United States"
15687,112,"Rosa Reynolds",292,"Lancaster",103,"United States"
11659,112,"Rosa Reynolds",292,"Lancaster",103,"United States"
3018,112,"Rosa Reynolds",292,"Lancaster",103,"United States"
15304,112,"Rosa Reynolds",292,"Lancaster",103,"United States"
9217,112,"Rosa Reynolds",292,"Lancaster",103,"United States"
2193,112,"Rosa Reynolds",292,"Lancaster",103,"United States"
5351,112,"Rosa Reynolds",292,"Lancaster",103,"United States"
1835,112,"Rosa Reynolds",292,"Lancaster",103,"United States"
396,112,"Rosa Reynolds",292,"Lancaster",103,"United States"
10596,112,"Rosa Reynolds",292,"Lancaster",103,"United States"
5385,112,"Rosa Reynolds",292,"Lancaster",103,"United States"
9321,112,"Rosa Reynolds",292,"Lancaster",103,"United States"
9911,112,"Rosa Reynolds",292,"Lancaster",103,"United States"
9830,112,"Rosa Reynolds",292,"Lancaster",103,"United States"
1930,112,"Rosa Reynolds",292,"Lancaster",103,"United States"
14358,112,"Rosa Reynolds",292,"Lancaster",103,"United States"
15756,112,"Rosa Reynolds",292,"Lancaster",103,"United States"
14049,112,"Rosa Reynolds",292,"Lancaster",103,"United States"
11599,112,"Rosa Reynolds",292,"Lancaster",103,"United States"
7761,112,"Rosa Reynolds",292,"Lancaster",103,"United States"
351,118,"Kim Cruz",185,"Grand Prairie",103,"United States"
1766,118,"Kim Cruz",185,"Grand Prairie",103,"United States"
14595,118,"Kim Cruz",185,"Grand Prairie",103,"United States"
6507,118,"Kim Cruz",185,"Grand Prairie",103,"United States"
6377,118,"Kim Cruz",185,"Grand Prairie",103,"United States"
2217,118,"Kim Cruz",185,"Grand Prairie",103,"United States"
8881,118,"Kim Cruz",185,"Grand Prairie",103,"United States"
8314,118,"Kim Cruz",185,"Grand Prairie",103,"United States"
13193,118,"Kim Cruz",185,"Grand Prairie",103,"United States"
10045,118,"Kim Cruz",185,"Grand Prairie",103,"United States"
5829,118,"Kim Cruz",185,"Grand Prairie",103,"United States"
4966,118,"Kim Cruz",185,"Grand Prairie",103,"United States"
7196,118,"Kim Cruz",185,"Grand Prairie",103,"United States"
7850,118,"Kim Cruz",185,"Grand Prairie",103,"United States"
3263,118,"Kim Cruz",185,"Grand Prairie",103,"United States"
14924,118,"Kim Cruz",185,"Grand Prairie",103,"United States"
12538,118,"Kim Cruz",185,"Grand Prairie",103,"United States"
15731,118,"Kim Cruz",185,"Grand Prairie",103,"United States"
8760,118,"Kim Cruz",185,"Grand Prairie",103,"United States"
7956,118,"Kim Cruz",185,"Grand Prairie",103,"United States"
14394,118,"Kim Cruz",185,"Grand Prairie",103,"United States"
9,126,"Ellen Simpson",410,"Po",15,"Brazil"
9492,126,"Ellen Simpson",410,"Po",15,"Brazil"
6747,126,"Ellen Simpson",410,"Po",15,"Brazil"
11613,126,"Ellen Simpson",410,"Po",15,"Brazil"
11801,126,"Ellen Simpson",410,"Po",15,"Brazil"
3450,126,"Ellen Simpson",410,"Po",15,"Brazil"
8091,126,"Ellen Simpson",410,"Po",15,"Brazil"
14477,126,"Ellen Simpson",410,"Po",15,"Brazil"
3804,126,"Ellen Simpson",410,"Po",15,"Brazil"
3502,126,"Ellen Simpson",410,"Po",15,"Brazil"
12991,126,"Ellen Simpson",410,"Po",15,"Brazil"
15741,126,"Ellen Simpson",410,"Po",15,"Brazil"
13015,126,"Ellen Simpson",410,"Po",15,"Brazil"
16007,126,"Ellen Simpson",410,"Po",15,"Brazil"
11779,126,"Ellen Simpson",410,"Po",15,"Brazil"
5865,126,"Ellen Simpson",410,"Po",15,"Brazil"
4730,126,"Ellen Simpson",410,"Po",15,"Brazil"
13177,126,"Ellen Simpson",410,"Po",15,"Brazil"
3725,126,"Ellen Simpson",410,"Po",15,"Brazil"
752,126,"Ellen Simpson",410,"Po",15,"Brazil"
4691,126,"Ellen Simpson",410,"Po",15,"Brazil"
1054,126,"Ellen Simpson",410,"Po",15,"Brazil"
7962,126,"Ellen Simpson",410,"Po",15,"Brazil"
5137,126,"Ellen Simpson",410,"Po",15,"Brazil"
11196,126,"Ellen Simpson",410,"Po",15,"Brazil"
10032,126,"Ellen Simpson",410,"Po",15,"Brazil"
6755,126,"Ellen Simpson",410,"Po",15,"Brazil"
14577,126,"Ellen Simpson",410,"Po",15,"Brazil"
9637,130,"Charlotte Hunter",190,"guas Lindas de Gois",15,"Brazil"
2535,130,"Charlotte Hunter",190,"guas Lindas de Gois",15,"Brazil"
11811,130,"Charlotte Hunter",190,"guas Lindas de Gois",15,"Brazil"
746,130,"Charlotte Hunter",190,"guas Lindas de Gois",15,"Brazil"
10568,130,"Charlotte Hunter",190,"guas Lindas de Gois",15,"Brazil"
4339,130,"Charlotte Hunter",190,"guas Lindas de Gois",15,"Brazil"
9724,130,"Charlotte Hunter",190,"guas Lindas de Gois",15,"Brazil"
15574,130,"Charlotte Hunter",190,"guas Lindas de Gois",15,"Brazil"
14111,130,"Charlotte Hunter",190,"guas Lindas de Gois",15,"Brazil"
10645,130,"Charlotte Hunter",190,"guas Lindas de Gois",15,"Brazil"
2982,130,"Charlotte Hunter",190,"guas Lindas de Gois",15,"Brazil"
1,130,"Charlotte Hunter",190,"guas Lindas de Gois",15,"Brazil"
12777,130,"Charlotte Hunter",190,"guas Lindas de Gois",15,"Brazil"
4485,130,"Charlotte Hunter",190,"guas Lindas de Gois",15,"Brazil"
1864,130,"Charlotte Hunter",190,"guas Lindas de Gois",15,"Brazil"
15777,130,"Charlotte Hunter",190,"guas Lindas de Gois",15,"Brazil"
9452,130,"Charlotte Hunter",190,"guas Lindas de Gois",15,"Brazil"
7728,130,"Charlotte Hunter",190,"guas Lindas de Gois",15,"Brazil"
12094,130,"Charlotte Hunter",190,"guas Lindas de Gois",15,"Brazil"
1630,130,"Charlotte Hunter",190,"guas Lindas de Gois",15,"Brazil"
7181,130,"Charlotte Hunter",190,"guas Lindas de Gois",15,"Brazil"
2292,130,"Charlotte Hunter",190,"guas Lindas de Gois",15,"Brazil"
2163,130,"Charlotte Hunter",190,"guas Lindas de Gois",15,"Brazil"
6353,130,"Charlotte Hunter",190,"guas Lindas de Gois",15,"Brazil"
12086,140,"Eva Ramos",123,"Clarksville",103,"United States"
6918,140,"Eva Ramos",123,"Clarksville",103,"United States"
7170,140,"Eva Ramos",123,"Clarksville",103,"United States"
1586,140,"Eva Ramos",123,"Clarksville",103,"United States"
11430,140,"Eva Ramos",123,"Clarksville",103,"United States"
12675,140,"Eva Ramos",123,"Clarksville",103,"United States"
3171,140,"Eva Ramos",123,"Clarksville",103,"United States"
9404,140,"Eva Ramos",123,"Clarksville",103,"United States"
9094,140,"Eva Ramos",123,"Clarksville",103,"United States"
13053,140,"Eva Ramos",123,"Clarksville",103,"United States"
15852,140,"Eva Ramos",123,"Clarksville",103,"United States"
6407,140,"Eva Ramos",123,"Clarksville",103,"United States"
6571,140,"Eva Ramos",123,"Clarksville",103,"United States"
10342,140,"Eva Ramos",123,"Clarksville",103,"United States"
2332,140,"Eva Ramos",123,"Clarksville",103,"United States"
15261,140,"Eva Ramos",123,"Clarksville",103,"United States"
6286,140,"Eva Ramos",123,"Clarksville",103,"United States"
1687,140,"Eva Ramos",123,"Clarksville",103,"United States"
5000,146,"Jamie Rice",499,"Sterling Heights",103,"United States"
14143,146,"Jamie Rice",499,"Sterling Heights",103,"United States"
6184,146,"Jamie Rice",499,"Sterling Heights",103,"United States"
6327,146,"Jamie Rice",499,"Sterling Heights",103,"United States"
11573,146,"Jamie Rice",499,"Sterling Heights",103,"United States"
12129,146,"Jamie Rice",499,"Sterling Heights",103,"United States"
2800,146,"Jamie Rice",499,"Sterling Heights",103,"United States"
11173,146,"Jamie Rice",499,"Sterling Heights",103,"United States"
13606,146,"Jamie Rice",499,"Sterling Heights",103,"United States"
2242,146,"Jamie Rice",499,"Sterling Heights",103,"United States"
6102,146,"Jamie Rice",499,"Sterling Heights",103,"United States"
1073,146,"Jamie Rice",499,"Sterling Heights",103,"United States"
13829,146,"Jamie Rice",499,"Sterling Heights",103,"United States"
762,146,"Jamie Rice",499,"Sterling Heights",103,"United States"
12385,146,"Jamie Rice",499,"Sterling Heights",103,"United States"
1209,146,"Jamie Rice",499,"Sterling Heights",103,"United States"
4849,146,"Jamie Rice",499,"Sterling Heights",103,"United States"
15842,146,"Jamie Rice",499,"Sterling Heights",103,"United States"
8246,146,"Jamie Rice",499,"Sterling Heights",103,"United States"
2099,146,"Jamie Rice",499,"Sterling Heights",103,"United States"
1724,146,"Jamie Rice",499,"Sterling Heights",103,"United States"
2342,146,"Jamie Rice",499,"Sterling Heights",103,"United States"
6990,146,"Jamie Rice",499,"Sterling Heights",103,"United States"
11221,146,"Jamie Rice",499,"Sterling Heights",103,"United States"
3131,146,"Jamie Rice",499,"Sterling Heights",103,"United States"
11857,146,"Jamie Rice",499,"Sterling Heights",103,"United States"
12888,146,"Jamie Rice",499,"Sterling Heights",103,"United States"
11370,146,"Jamie Rice",499,"Sterling Heights",103,"United States"
11392,146,"Jamie Rice",499,"Sterling Heights",103,"United States"
1996,149,"Valerie Black",94,"Brockton",103,"United States"
7989,149,"Valerie Black",94,"Brockton",103,"United States"
15562,149,"Valerie Black",94,"Brockton",103,"United States"
764,149,"Valerie Black",94,"Brockton",103,"United States"
15479,149,"Valerie Black",94,"Brockton",103,"United States"
14771,149,"Valerie Black",94,"Brockton",103,"United States"
1521,149,"Valerie Black",94,"Brockton",103,"United States"
1800,149,"Valerie Black",94,"Brockton",103,"United States"
2194,149,"Valerie Black",94,"Brockton",103,"United States"
2305,149,"Valerie Black",94,"Brockton",103,"United States"
2383,149,"Valerie Black",94,"Brockton",103,"United States"
2752,149,"Valerie Black",94,"Brockton",103,"United States"
3894,149,"Valerie Black",94,"Brockton",103,"United States"
3939,149,"Valerie Black",94,"Brockton",103,"United States"
12000,149,"Valerie Black",94,"Brockton",103,"United States"
11561,149,"Valerie Black",94,"Brockton",103,"United States"
4766,149,"Valerie Black",94,"Brockton",103,"United States"
4837,149,"Valerie Black",94,"Brockton",103,"United States"
5091,149,"Valerie Black",94,"Brockton",103,"United States"
5298,149,"Valerie Black",94,"Brockton",103,"United States"
10967,149,"Valerie Black",94,"Brockton",103,"United States"
10737,149,"Valerie Black",94,"Brockton",103,"United States"
6356,149,"Valerie Black",94,"Brockton",103,"United States"
10154,149,"Valerie Black",94,"Brockton",103,"United States"
6940,149,"Valerie Black",94,"Brockton",103,"United States"
7559,149,"Valerie Black",94,"Brockton",103,"United States"
7732,158,"Veronica Stone",187,"Greensboro",103,"United States"
8750,158,"Veronica Stone",187,"Greensboro",103,"United States"
13926,158,"Veronica Stone",187,"Greensboro",103,"United States"
5988,158,"Veronica Stone",187,"Greensboro",103,"United States"
11077,158,"Veronica Stone",187,"Greensboro",103,"United States"
2035,158,"Veronica Stone",187,"Greensboro",103,"United States"
15802,158,"Veronica Stone",187,"Greensboro",103,"United States"
9801,158,"Veronica Stone",187,"Greensboro",103,"United States"
7952,158,"Veronica Stone",187,"Greensboro",103,"United States"
13854,158,"Veronica Stone",187,"Greensboro",103,"United States"
12421,158,"Veronica Stone",187,"Greensboro",103,"United States"
245,158,"Veronica Stone",187,"Greensboro",103,"United States"
11420,158,"Veronica Stone",187,"Greensboro",103,"United States"
12070,158,"Veronica Stone",187,"Greensboro",103,"United States"
11272,158,"Veronica Stone",187,"Greensboro",103,"United States"
11103,158,"Veronica Stone",187,"Greensboro",103,"United States"
15796,158,"Veronica Stone",187,"Greensboro",103,"United States"
8957,158,"Veronica Stone",187,"Greensboro",103,"United States"
14028,158,"Veronica Stone",187,"Greensboro",103,"United States"
9713,158,"Veronica Stone",187,"Greensboro",103,"United States"
6416,158,"Veronica Stone",187,"Greensboro",103,"United States"
15763,158,"Veronica Stone",187,"Greensboro",103,"United States"
1790,158,"Veronica Stone",187,"Greensboro",103,"United States"
5672,158,"Veronica Stone",187,"Greensboro",103,"United States"
6901,158,"Veronica Stone",187,"Greensboro",103,"United States"
293,158,"Veronica Stone",187,"Greensboro",103,"United States"
3203,158,"Veronica Stone",187,"Greensboro",103,"United States"
9393,158,"Veronica Stone",187,"Greensboro",103,"United States"
4117,158,"Veronica Stone",187,"Greensboro",103,"United States"
1380,158,"Veronica Stone",187,"Greensboro",103,"United States"
13212,158,"Veronica Stone",187,"Greensboro",103,"United States"
7159,158,"Veronica Stone",187,"Greensboro",103,"United States"
14257,178,"Marion Snyder",456,"Santa Brbara dOeste",15,"Brazil"
2124,178,"Marion Snyder",456,"Santa Brbara dOeste",15,"Brazil"
10125,178,"Marion Snyder",456,"Santa Brbara dOeste",15,"Brazil"
2293,178,"Marion Snyder",456,"Santa Brbara dOeste",15,"Brazil"
6347,178,"Marion Snyder",456,"Santa Brbara dOeste",15,"Brazil"
4915,178,"Marion Snyder",456,"Santa Brbara dOeste",15,"Brazil"
11884,178,"Marion Snyder",456,"Santa Brbara dOeste",15,"Brazil"
5015,178,"Marion Snyder",456,"Santa Brbara dOeste",15,"Brazil"
8696,178,"Marion Snyder",456,"Santa Brbara dOeste",15,"Brazil"
11319,178,"Marion Snyder",456,"Santa Brbara dOeste",15,"Brazil"
5057,178,"Marion Snyder",456,"Santa Brbara dOeste",15,"Brazil"
8287,178,"Marion Snyder",456,"Santa Brbara dOeste",15,"Brazil"
8388,178,"Marion Snyder",456,"Santa Brbara dOeste",15,"Brazil"
11927,178,"Marion Snyder",456,"Santa Brbara dOeste",15,"Brazil"
8069,178,"Marion Snyder",456,"Santa Brbara dOeste",15,"Brazil"
5094,178,"Marion Snyder",456,"Santa Brbara dOeste",15,"Brazil"
12049,178,"Marion Snyder",456,"Santa Brbara dOeste",15,"Brazil"
15323,178,"Marion Snyder",456,"Santa Brbara dOeste",15,"Brazil"
9004,178,"Marion Snyder",456,"Santa Brbara dOeste",15,"Brazil"
1292,178,"Marion Snyder",456,"Santa Brbara dOeste",15,"Brazil"
9311,178,"Marion Snyder",456,"Santa Brbara dOeste",15,"Brazil"
1458,178,"Marion Snyder",456,"Santa Brbara dOeste",15,"Brazil"
1568,178,"Marion Snyder",456,"Santa Brbara dOeste",15,"Brazil"
12727,178,"Marion Snyder",456,"Santa Brbara dOeste",15,"Brazil"
1745,178,"Marion Snyder",456,"Santa Brbara dOeste",15,"Brazil"
10802,178,"Marion Snyder",456,"Santa Brbara dOeste",15,"Brazil"
12897,178,"Marion Snyder",456,"Santa Brbara dOeste",15,"Brazil"
14314,178,"Marion Snyder",456,"Santa Brbara dOeste",15,"Brazil"
2898,178,"Marion Snyder",456,"Santa Brbara dOeste",15,"Brazil"
14104,178,"Marion Snyder",456,"Santa Brbara dOeste",15,"Brazil"
7959,178,"Marion Snyder",456,"Santa Brbara dOeste",15,"Brazil"
2844,178,"Marion Snyder",456,"Santa Brbara dOeste",15,"Brazil"
13127,178,"Marion Snyder",456,"Santa Brbara dOeste",15,"Brazil"
9879,178,"Marion Snyder",456,"Santa Brbara dOeste",15,"Brazil"
10562,178,"Marion Snyder",456,"Santa Brbara dOeste",15,"Brazil"
5984,178,"Marion Snyder",456,"Santa Brbara dOeste",15,"Brazil"
6606,178,"Marion Snyder",456,"Santa Brbara dOeste",15,"Brazil"
6566,178,"Marion Snyder",456,"Santa Brbara dOeste",15,"Brazil"
6554,178,"Marion Snyder",456,"Santa Brbara dOeste",15,"Brazil"
9235,181,"Ana Bradley",333,"Memphis",103,"United States"
12939,181,"Ana Bradley",333,"Memphis",103,"United States"
10773,181,"Ana Bradley",333,"Memphis",103,"United States"
13415,181,"Ana Bradley",333,"Memphis",103,"United States"
10748,181,"Ana Bradley",333,"Memphis",103,"United States"
9357,181,"Ana Bradley",333,"Memphis",103,"United States"
10703,181,"Ana Bradley",333,"Memphis",103,"United States"
15482,181,"Ana Bradley",333,"Memphis",103,"United States"
9844,181,"Ana Bradley",333,"Memphis",103,"United States"
13118,181,"Ana Bradley",333,"Memphis",103,"United States"
13405,181,"Ana Bradley",333,"Memphis",103,"United States"
8593,181,"Ana Bradley",333,"Memphis",103,"United States"
13008,181,"Ana Bradley",333,"Memphis",103,"United States"
10362,181,"Ana Bradley",333,"Memphis",103,"United States"
7632,181,"Ana Bradley",333,"Memphis",103,"United States"
12363,181,"Ana Bradley",333,"Memphis",103,"United States"
3469,181,"Ana Bradley",333,"Memphis",103,"United States"
4428,181,"Ana Bradley",333,"Memphis",103,"United States"
6946,181,"Ana Bradley",333,"Memphis",103,"United States"
3449,181,"Ana Bradley",333,"Memphis",103,"United States"
9214,181,"Ana Bradley",333,"Memphis",103,"United States"
10262,181,"Ana Bradley",333,"Memphis",103,"United States"
579,181,"Ana Bradley",333,"Memphis",103,"United States"
12678,181,"Ana Bradley",333,"Memphis",103,"United States"
2645,181,"Ana Bradley",333,"Memphis",103,"United States"
8601,181,"Ana Bradley",333,"Memphis",103,"United States"
15196,181,"Ana Bradley",333,"Memphis",103,"United States"
3862,181,"Ana Bradley",333,"Memphis",103,"United States"
1638,181,"Ana Bradley",333,"Memphis",103,"United States"
12411,181,"Ana Bradley",333,"Memphis",103,"United States"
14406,181,"Ana Bradley",333,"Memphis",103,"United States"
11224,181,"Ana Bradley",333,"Memphis",103,"United States"
7393,181,"Ana Bradley",333,"Memphis",103,"United States"
6477,181,"Ana Bradley",333,"Memphis",103,"United States"
1542,182,"Renee Lane",126,"Compton",103,"United States"
3509,182,"Renee Lane",126,"Compton",103,"United States"
11055,182,"Renee Lane",126,"Compton",103,"United States"
5521,182,"Renee Lane",126,"Compton",103,"United States"
7863,182,"Renee Lane",126,"Compton",103,"United States"
12573,182,"Renee Lane",126,"Compton",103,"United States"
14586,182,"Renee Lane",126,"Compton",103,"United States"
4513,182,"Renee Lane",126,"Compton",103,"United States"
425,182,"Renee Lane",126,"Compton",103,"United States"
12840,182,"Renee Lane",126,"Compton",103,"United States"
2049,182,"Renee Lane",126,"Compton",103,"United States"
2234,182,"Renee Lane",126,"Compton",103,"United States"
8048,182,"Renee Lane",126,"Compton",103,"United States"
11785,182,"Renee Lane",126,"Compton",103,"United States"
2120,182,"Renee Lane",126,"Compton",103,"United States"
4349,182,"Renee Lane",126,"Compton",103,"United States"
13285,182,"Renee Lane",126,"Compton",103,"United States"
7880,182,"Renee Lane",126,"Compton",103,"United States"
4174,182,"Renee Lane",126,"Compton",103,"United States"
4591,182,"Renee Lane",126,"Compton",103,"United States"
161,182,"Renee Lane",126,"Compton",103,"United States"
15043,182,"Renee Lane",126,"Compton",103,"United States"
14953,182,"Renee Lane",126,"Compton",103,"United States"
7229,182,"Renee Lane",126,"Compton",103,"United States"
3697,182,"Renee Lane",126,"Compton",103,"United States"
4784,182,"Renee Lane",126,"Compton",103,"United States"
5756,183,"Ida Andrews",317,"Luzinia",15,"Brazil"
4157,183,"Ida Andrews",317,"Luzinia",15,"Brazil"
9931,183,"Ida Andrews",317,"Luzinia",15,"Brazil"
4134,183,"Ida Andrews",317,"Luzinia",15,"Brazil"
3869,183,"Ida Andrews",317,"Luzinia",15,"Brazil"
12831,183,"Ida Andrews",317,"Luzinia",15,"Brazil"
1279,183,"Ida Andrews",317,"Luzinia",15,"Brazil"
7359,183,"Ida Andrews",317,"Luzinia",15,"Brazil"
2471,183,"Ida Andrews",317,"Luzinia",15,"Brazil"
3381,183,"Ida Andrews",317,"Luzinia",15,"Brazil"
12764,183,"Ida Andrews",317,"Luzinia",15,"Brazil"
9672,183,"Ida Andrews",317,"Luzinia",15,"Brazil"
2188,183,"Ida Andrews",317,"Luzinia",15,"Brazil"
13482,183,"Ida Andrews",317,"Luzinia",15,"Brazil"
6472,183,"Ida Andrews",317,"Luzinia",15,"Brazil"
6569,183,"Ida Andrews",317,"Luzinia",15,"Brazil"
11386,183,"Ida Andrews",317,"Luzinia",15,"Brazil"
10620,183,"Ida Andrews",317,"Luzinia",15,"Brazil"
12451,183,"Ida Andrews",317,"Luzinia",15,"Brazil"
382,183,"Ida Andrews",317,"Luzinia",15,"Brazil"
5069,183,"Ida Andrews",317,"Luzinia",15,"Brazil"
13536,183,"Ida Andrews",317,"Luzinia",15,"Brazil"
9818,183,"Ida Andrews",317,"Luzinia",15,"Brazil"
15709,206,"Terri Vasquez",83,"Blumenau",15,"Brazil"
4823,206,"Terri Vasquez",83,"Blumenau",15,"Brazil"
4107,206,"Terri Vasquez",83,"Blumenau",15,"Brazil"
4068,206,"Terri Vasquez",83,"Blumenau",15,"Brazil"
3847,206,"Terri Vasquez",83,"Blumenau",15,"Brazil"
3831,206,"Terri Vasquez",83,"Blumenau",15,"Brazil"
3533,206,"Terri Vasquez",83,"Blumenau",15,"Brazil"
11022,206,"Terri Vasquez",83,"Blumenau",15,"Brazil"
10930,206,"Terri Vasquez",83,"Blumenau",15,"Brazil"
3012,206,"Terri Vasquez",83,"Blumenau",15,"Brazil"
13128,206,"Terri Vasquez",83,"Blumenau",15,"Brazil"
13232,206,"Terri Vasquez",83,"Blumenau",15,"Brazil"
13263,206,"Terri Vasquez",83,"Blumenau",15,"Brazil"
6139,206,"Terri Vasquez",83,"Blumenau",15,"Brazil"
2477,206,"Terri Vasquez",83,"Blumenau",15,"Brazil"
13550,206,"Terri Vasquez",83,"Blumenau",15,"Brazil"
8217,206,"Terri Vasquez",83,"Blumenau",15,"Brazil"
13696,206,"Terri Vasquez",83,"Blumenau",15,"Brazil"
6420,206,"Terri Vasquez",83,"Blumenau",15,"Brazil"
1872,206,"Terri Vasquez",83,"Blumenau",15,"Brazil"
9474,206,"Terri Vasquez",83,"Blumenau",15,"Brazil"
14695,206,"Terri Vasquez",83,"Blumenau",15,"Brazil"
7222,206,"Terri Vasquez",83,"Blumenau",15,"Brazil"
7541,206,"Terri Vasquez",83,"Blumenau",15,"Brazil"
15686,206,"Terri Vasquez",83,"Blumenau",15,"Brazil"
8549,206,"Terri Vasquez",83,"Blumenau",15,"Brazil"
11634,206,"Terri Vasquez",83,"Blumenau",15,"Brazil"
7828,212,"Wilma Richards",65,"Bellevue",103,"United States"
2739,212,"Wilma Richards",65,"Bellevue",103,"United States"
5115,212,"Wilma Richards",65,"Bellevue",103,"United States"
10567,212,"Wilma Richards",65,"Bellevue",103,"United States"
8000,212,"Wilma Richards",65,"Bellevue",103,"United States"
14563,212,"Wilma Richards",65,"Bellevue",103,"United States"
4708,212,"Wilma Richards",65,"Bellevue",103,"United States"
15920,212,"Wilma Richards",65,"Bellevue",103,"United States"
10273,212,"Wilma Richards",65,"Bellevue",103,"United States"
1637,212,"Wilma Richards",65,"Bellevue",103,"United States"
12467,212,"Wilma Richards",65,"Bellevue",103,"United States"
4916,212,"Wilma Richards",65,"Bellevue",103,"United States"
1356,212,"Wilma Richards",65,"Bellevue",103,"United States"
4798,212,"Wilma Richards",65,"Bellevue",103,"United States"
1379,212,"Wilma Richards",65,"Bellevue",103,"United States"
14681,212,"Wilma Richards",65,"Bellevue",103,"United States"
8940,212,"Wilma Richards",65,"Bellevue",103,"United States"
15872,212,"Wilma Richards",65,"Bellevue",103,"United States"
12156,212,"Wilma Richards",65,"Bellevue",103,"United States"
12562,212,"Wilma Richards",65,"Bellevue",103,"United States"
13138,214,"Kristin Johnston",508,"Sunnyvale",103,"United States"
1093,214,"Kristin Johnston",508,"Sunnyvale",103,"United States"
2868,214,"Kristin Johnston",508,"Sunnyvale",103,"United States"
1112,214,"Kristin Johnston",508,"Sunnyvale",103,"United States"
4783,214,"Kristin Johnston",508,"Sunnyvale",103,"United States"
1275,214,"Kristin Johnston",508,"Sunnyvale",103,"United States"
12463,214,"Kristin Johnston",508,"Sunnyvale",103,"United States"
13409,214,"Kristin Johnston",508,"Sunnyvale",103,"United States"
14347,214,"Kristin Johnston",508,"Sunnyvale",103,"United States"
10749,214,"Kristin Johnston",508,"Sunnyvale",103,"United States"
11474,214,"Kristin Johnston",508,"Sunnyvale",103,"United States"
242,214,"Kristin Johnston",508,"Sunnyvale",103,"United States"
14567,214,"Kristin Johnston",508,"Sunnyvale",103,"United States"
13350,214,"Kristin Johnston",508,"Sunnyvale",103,"United States"
7826,214,"Kristin Johnston",508,"Sunnyvale",103,"United States"
13864,214,"Kristin Johnston",508,"Sunnyvale",103,"United States"
2085,214,"Kristin Johnston",508,"Sunnyvale",103,"United States"
278,214,"Kristin Johnston",508,"Sunnyvale",103,"United States"
4211,214,"Kristin Johnston",508,"Sunnyvale",103,"United States"
11450,214,"Kristin Johnston",508,"Sunnyvale",103,"United States"
8663,214,"Kristin Johnston",508,"Sunnyvale",103,"United States"
4984,214,"Kristin Johnston",508,"Sunnyvale",103,"United States"
13726,214,"Kristin Johnston",508,"Sunnyvale",103,"United States"
15645,214,"Kristin Johnston",508,"Sunnyvale",103,"United States"
15639,214,"Kristin Johnston",508,"Sunnyvale",103,"United States"
6602,214,"Kristin Johnston",508,"Sunnyvale",103,"United States"
7417,214,"Kristin Johnston",508,"Sunnyvale",103,"United States"
5172,214,"Kristin Johnston",508,"Sunnyvale",103,"United States"
13565,214,"Kristin Johnston",508,"Sunnyvale",103,"United States"
10563,214,"Kristin Johnston",508,"Sunnyvale",103,"United States"
1076,214,"Kristin Johnston",508,"Sunnyvale",103,"United States"
14726,216,"Natalie Meyer",28,"Aparecida de Goinia",15,"Brazil"
10506,216,"Natalie Meyer",28,"Aparecida de Goinia",15,"Brazil"
6008,216,"Natalie Meyer",28,"Aparecida de Goinia",15,"Brazil"
12970,216,"Natalie Meyer",28,"Aparecida de Goinia",15,"Brazil"
1672,216,"Natalie Meyer",28,"Aparecida de Goinia",15,"Brazil"
1664,216,"Natalie Meyer",28,"Aparecida de Goinia",15,"Brazil"
1461,216,"Natalie Meyer",28,"Aparecida de Goinia",15,"Brazil"
11005,216,"Natalie Meyer",28,"Aparecida de Goinia",15,"Brazil"
14638,216,"Natalie Meyer",28,"Aparecida de Goinia",15,"Brazil"
3432,216,"Natalie Meyer",28,"Aparecida de Goinia",15,"Brazil"
13424,216,"Natalie Meyer",28,"Aparecida de Goinia",15,"Brazil"
8068,216,"Natalie Meyer",28,"Aparecida de Goinia",15,"Brazil"
9096,216,"Natalie Meyer",28,"Aparecida de Goinia",15,"Brazil"
997,216,"Natalie Meyer",28,"Aparecida de Goinia",15,"Brazil"
15192,216,"Natalie Meyer",28,"Aparecida de Goinia",15,"Brazil"
15199,216,"Natalie Meyer",28,"Aparecida de Goinia",15,"Brazil"
8859,216,"Natalie Meyer",28,"Aparecida de Goinia",15,"Brazil"
11676,216,"Natalie Meyer",28,"Aparecida de Goinia",15,"Brazil"
15934,216,"Natalie Meyer",28,"Aparecida de Goinia",15,"Brazil"
4161,216,"Natalie Meyer",28,"Aparecida de Goinia",15,"Brazil"
6349,216,"Natalie Meyer",28,"Aparecida de Goinia",15,"Brazil"
2351,216,"Natalie Meyer",28,"Aparecida de Goinia",15,"Brazil"
11621,216,"Natalie Meyer",28,"Aparecida de Goinia",15,"Brazil"
13295,229,"Tamara Nguyen",26,"Anpolis",15,"Brazil"
12866,229,"Tamara Nguyen",26,"Anpolis",15,"Brazil"
6155,229,"Tamara Nguyen",26,"Anpolis",15,"Brazil"
7308,229,"Tamara Nguyen",26,"Anpolis",15,"Brazil"
4515,229,"Tamara Nguyen",26,"Anpolis",15,"Brazil"
15912,229,"Tamara Nguyen",26,"Anpolis",15,"Brazil"
7629,229,"Tamara Nguyen",26,"Anpolis",15,"Brazil"
15740,229,"Tamara Nguyen",26,"Anpolis",15,"Brazil"
4694,229,"Tamara Nguyen",26,"Anpolis",15,"Brazil"
9913,229,"Tamara Nguyen",26,"Anpolis",15,"Brazil"
2200,229,"Tamara Nguyen",26,"Anpolis",15,"Brazil"
4458,229,"Tamara Nguyen",26,"Anpolis",15,"Brazil"
3933,229,"Tamara Nguyen",26,"Anpolis",15,"Brazil"
11521,229,"Tamara Nguyen",26,"Anpolis",15,"Brazil"
6578,229,"Tamara Nguyen",26,"Anpolis",15,"Brazil"
13679,229,"Tamara Nguyen",26,"Anpolis",15,"Brazil"
13306,229,"Tamara Nguyen",26,"Anpolis",15,"Brazil"
3208,229,"Tamara Nguyen",26,"Anpolis",15,"Brazil"
6880,229,"Tamara Nguyen",26,"Anpolis",15,"Brazil"
13431,229,"Tamara Nguyen",26,"Anpolis",15,"Brazil"
3277,229,"Tamara Nguyen",26,"Anpolis",15,"Brazil"
7640,229,"Tamara Nguyen",26,"Anpolis",15,"Brazil"
7305,229,"Tamara Nguyen",26,"Anpolis",15,"Brazil"
5623,229,"Tamara Nguyen",26,"Anpolis",15,"Brazil"
3280,229,"Tamara Nguyen",26,"Anpolis",15,"Brazil"
421,246,"Marian Mendoza",328,"Maring",15,"Brazil"
14360,246,"Marian Mendoza",328,"Maring",15,"Brazil"
4905,246,"Marian Mendoza",328,"Maring",15,"Brazil"
124,246,"Marian Mendoza",328,"Maring",15,"Brazil"
2704,246,"Marian Mendoza",328,"Maring",15,"Brazil"
10683,246,"Marian Mendoza",328,"Maring",15,"Brazil"
3152,246,"Marian Mendoza",328,"Maring",15,"Brazil"
1051,246,"Marian Mendoza",328,"Maring",15,"Brazil"
9525,246,"Marian Mendoza",328,"Maring",15,"Brazil"
1448,246,"Marian Mendoza",328,"Maring",15,"Brazil"
13987,246,"Marian Mendoza",328,"Maring",15,"Brazil"
5347,246,"Marian Mendoza",328,"Maring",15,"Brazil"
1968,246,"Marian Mendoza",328,"Maring",15,"Brazil"
6688,246,"Marian Mendoza",328,"Maring",15,"Brazil"
2725,246,"Marian Mendoza",328,"Maring",15,"Brazil"
699,246,"Marian Mendoza",328,"Maring",15,"Brazil"
13418,246,"Marian Mendoza",328,"Maring",15,"Brazil"
10208,246,"Marian Mendoza",328,"Maring",15,"Brazil"
13750,246,"Marian Mendoza",328,"Maring",15,"Brazil"
4092,246,"Marian Mendoza",328,"Maring",15,"Brazil"
15746,246,"Marian Mendoza",328,"Maring",15,"Brazil"
434,246,"Marian Mendoza",328,"Maring",15,"Brazil"
4994,246,"Marian Mendoza",328,"Maring",15,"Brazil"
4541,248,"Caroline Bowman",520,"Tallahassee",103,"United States"
2371,248,"Caroline Bowman",520,"Tallahassee",103,"United States"
12241,248,"Caroline Bowman",520,"Tallahassee",103,"United States"
330,248,"Caroline Bowman",520,"Tallahassee",103,"United States"
4841,248,"Caroline Bowman",520,"Tallahassee",103,"United States"
7778,248,"Caroline Bowman",520,"Tallahassee",103,"United States"
3910,248,"Caroline Bowman",520,"Tallahassee",103,"United States"
14704,248,"Caroline Bowman",520,"Tallahassee",103,"United States"
6617,248,"Caroline Bowman",520,"Tallahassee",103,"United States"
2066,248,"Caroline Bowman",520,"Tallahassee",103,"United States"
13918,248,"Caroline Bowman",520,"Tallahassee",103,"United States"
618,248,"Caroline Bowman",520,"Tallahassee",103,"United States"
14885,248,"Caroline Bowman",520,"Tallahassee",103,"United States"
10418,248,"Caroline Bowman",520,"Tallahassee",103,"United States"
5370,248,"Caroline Bowman",520,"Tallahassee",103,"United States"
10522,254,"Maxine Silva",413,"Poos de Caldas",15,"Brazil"
5537,254,"Maxine Silva",413,"Poos de Caldas",15,"Brazil"
1390,254,"Maxine Silva",413,"Poos de Caldas",15,"Brazil"
2138,254,"Maxine Silva",413,"Poos de Caldas",15,"Brazil"
11665,254,"Maxine Silva",413,"Poos de Caldas",15,"Brazil"
183,254,"Maxine Silva",413,"Poos de Caldas",15,"Brazil"
13001,254,"Maxine Silva",413,"Poos de Caldas",15,"Brazil"
1285,254,"Maxine Silva",413,"Poos de Caldas",15,"Brazil"
5826,254,"Maxine Silva",413,"Poos de Caldas",15,"Brazil"
12247,254,"Maxine Silva",413,"Poos de Caldas",15,"Brazil"
13045,254,"Maxine Silva",413,"Poos de Caldas",15,"Brazil"
1108,254,"Maxine Silva",413,"Poos de Caldas",15,"Brazil"
13130,254,"Maxine Silva",413,"Poos de Caldas",15,"Brazil"
12206,254,"Maxine Silva",413,"Poos de Caldas",15,"Brazil"
12148,254,"Maxine Silva",413,"Poos de Caldas",15,"Brazil"
5930,254,"Maxine Silva",413,"Poos de Caldas",15,"Brazil"
11190,254,"Maxine Silva",413,"Poos de Caldas",15,"Brazil"
3882,254,"Maxine Silva",413,"Poos de Caldas",15,"Brazil"
7413,254,"Maxine Silva",413,"Poos de Caldas",15,"Brazil"
5080,254,"Maxine Silva",413,"Poos de Caldas",15,"Brazil"
5072,254,"Maxine Silva",413,"Poos de Caldas",15,"Brazil"
5042,254,"Maxine Silva",413,"Poos de Caldas",15,"Brazil"
15774,254,"Maxine Silva",413,"Poos de Caldas",15,"Brazil"
8581,254,"Maxine Silva",413,"Poos de Caldas",15,"Brazil"
2687,254,"Maxine Silva",413,"Poos de Caldas",15,"Brazil"
2082,254,"Maxine Silva",413,"Poos de Caldas",15,"Brazil"
14497,254,"Maxine Silva",413,"Poos de Caldas",15,"Brazil"
9494,254,"Maxine Silva",413,"Poos de Caldas",15,"Brazil"
8216,254,"Maxine Silva",413,"Poos de Caldas",15,"Brazil"
5550,254,"Maxine Silva",413,"Poos de Caldas",15,"Brazil"
7011,254,"Maxine Silva",413,"Poos de Caldas",15,"Brazil"
12874,254,"Maxine Silva",413,"Poos de Caldas",15,"Brazil"
7,269,"Cassandra Walters",446,"Salinas",103,"United States"
98,269,"Cassandra Walters",446,"Salinas",103,"United States"
678,269,"Cassandra Walters",446,"Salinas",103,"United States"
703,269,"Cassandra Walters",446,"Salinas",103,"United States"
750,269,"Cassandra Walters",446,"Salinas",103,"United States"
1099,269,"Cassandra Walters",446,"Salinas",103,"United States"
1334,269,"Cassandra Walters",446,"Salinas",103,"United States"
1909,269,"Cassandra Walters",446,"Salinas",103,"United States"
2493,269,"Cassandra Walters",446,"Salinas",103,"United States"
4125,269,"Cassandra Walters",446,"Salinas",103,"United States"
4804,269,"Cassandra Walters",446,"Salinas",103,"United States"
4880,269,"Cassandra Walters",446,"Salinas",103,"United States"
6440,269,"Cassandra Walters",446,"Salinas",103,"United States"
6626,269,"Cassandra Walters",446,"Salinas",103,"United States"
6804,269,"Cassandra Walters",446,"Salinas",103,"United States"
7032,269,"Cassandra Walters",446,"Salinas",103,"United States"
7537,269,"Cassandra Walters",446,"Salinas",103,"United States"
7972,269,"Cassandra Walters",446,"Salinas",103,"United States"
10566,269,"Cassandra Walters",446,"Salinas",103,"United States"
10908,269,"Cassandra Walters",446,"Salinas",103,"United States"
11014,269,"Cassandra Walters",446,"Salinas",103,"United States"
11915,269,"Cassandra Walters",446,"Salinas",103,"United States"
12344,269,"Cassandra Walters",446,"Salinas",103,"United States"
12610,269,"Cassandra Walters",446,"Salinas",103,"United States"
13025,269,"Cassandra Walters",446,"Salinas",103,"United States"
13142,269,"Cassandra Walters",446,"Salinas",103,"United States"
13759,269,"Cassandra Walters",446,"Salinas",103,"United States"
14266,269,"Cassandra Walters",446,"Salinas",103,"United States"
14693,269,"Cassandra Walters",446,"Salinas",103,"United States"
15788,269,"Cassandra Walters",446,"Salinas",103,"United States"
4634,275,"Carole Barnett",404,"Peoria",103,"United States"
11610,275,"Carole Barnett",404,"Peoria",103,"United States"
14296,275,"Carole Barnett",404,"Peoria",103,"United States"
15496,275,"Carole Barnett",404,"Peoria",103,"United States"
2414,275,"Carole Barnett",404,"Peoria",103,"United States"
4912,275,"Carole Barnett",404,"Peoria",103,"United States"
12606,275,"Carole Barnett",404,"Peoria",103,"United States"
3355,275,"Carole Barnett",404,"Peoria",103,"United States"
10479,275,"Carole Barnett",404,"Peoria",103,"United States"
336,275,"Carole Barnett",404,"Peoria",103,"United States"
1797,275,"Carole Barnett",404,"Peoria",103,"United States"
14187,275,"Carole Barnett",404,"Peoria",103,"United States"
14483,275,"Carole Barnett",404,"Peoria",103,"United States"
14063,275,"Carole Barnett",404,"Peoria",103,"United States"
6301,275,"Carole Barnett",404,"Peoria",103,"United States"
13037,275,"Carole Barnett",404,"Peoria",103,"United States"
7596,275,"Carole Barnett",404,"Peoria",103,"United States"
13902,275,"Carole Barnett",404,"Peoria",103,"United States"
13865,275,"Carole Barnett",404,"Peoria",103,"United States"
8746,275,"Carole Barnett",404,"Peoria",103,"United States"
7553,275,"Carole Barnett",404,"Peoria",103,"United States"
13860,275,"Carole Barnett",404,"Peoria",103,"United States"
14727,275,"Carole Barnett",404,"Peoria",103,"United States"
6856,275,"Carole Barnett",404,"Peoria",103,"United States"
4396,275,"Carole Barnett",404,"Peoria",103,"United States"
2646,275,"Carole Barnett",404,"Peoria",103,"United States"
15269,275,"Carole Barnett",404,"Peoria",103,"United States"
12589,275,"Carole Barnett",404,"Peoria",103,"United States"
11309,275,"Carole Barnett",404,"Peoria",103,"United States"
9258,275,"Carole Barnett",404,"Peoria",103,"United States"
7842,276,"Brandy Graves",573,"Warren",103,"United States"
10691,276,"Brandy Graves",573,"Warren",103,"United States"
15923,276,"Brandy Graves",573,"Warren",103,"United States"
11961,276,"Brandy Graves",573,"Warren",103,"United States"
15769,276,"Brandy Graves",573,"Warren",103,"United States"
7282,276,"Brandy Graves",573,"Warren",103,"United States"
1352,276,"Brandy Graves",573,"Warren",103,"United States"
10763,276,"Brandy Graves",573,"Warren",103,"United States"
14000,276,"Brandy Graves",573,"Warren",103,"United States"
10149,276,"Brandy Graves",573,"Warren",103,"United States"
11636,276,"Brandy Graves",573,"Warren",103,"United States"
9070,276,"Brandy Graves",573,"Warren",103,"United States"
9080,276,"Brandy Graves",573,"Warren",103,"United States"
4715,276,"Brandy Graves",573,"Warren",103,"United States"
736,276,"Brandy Graves",573,"Warren",103,"United States"
9102,276,"Brandy Graves",573,"Warren",103,"United States"
9229,276,"Brandy Graves",573,"Warren",103,"United States"
2763,276,"Brandy Graves",573,"Warren",103,"United States"
12650,276,"Brandy Graves",573,"Warren",103,"United States"
3064,276,"Brandy Graves",573,"Warren",103,"United States"
3714,276,"Brandy Graves",573,"Warren",103,"United States"
15718,276,"Brandy Graves",573,"Warren",103,"United States"
12178,276,"Brandy Graves",573,"Warren",103,"United States"
5186,276,"Brandy Graves",573,"Warren",103,"United States"
11085,276,"Brandy Graves",573,"Warren",103,"United States"
5246,276,"Brandy Graves",573,"Warren",103,"United States"
860,276,"Brandy Graves",573,"Warren",103,"United States"
12251,276,"Brandy Graves",573,"Warren",103,"United States"
54,291,"Toni Holt",433,"Roanoke",103,"United States"
6516,291,"Toni Holt",433,"Roanoke",103,"United States"
14241,291,"Toni Holt",433,"Roanoke",103,"United States"
13665,291,"Toni Holt",433,"Roanoke",103,"United States"
2300,291,"Toni Holt",433,"Roanoke",103,"United States"
9919,291,"Toni Holt",433,"Roanoke",103,"United States"
7564,291,"Toni Holt",433,"Roanoke",103,"United States"
1012,291,"Toni Holt",433,"Roanoke",103,"United States"
5754,291,"Toni Holt",433,"Roanoke",103,"United States"
7561,291,"Toni Holt",433,"Roanoke",103,"United States"
6796,291,"Toni Holt",433,"Roanoke",103,"United States"
1191,291,"Toni Holt",433,"Roanoke",103,"United States"
4862,291,"Toni Holt",433,"Roanoke",103,"United States"
9165,291,"Toni Holt",433,"Roanoke",103,"United States"
8690,291,"Toni Holt",433,"Roanoke",103,"United States"
3512,291,"Toni Holt",433,"Roanoke",103,"United States"
15663,291,"Toni Holt",433,"Roanoke",103,"United States"
8697,291,"Toni Holt",433,"Roanoke",103,"United States"
9201,291,"Toni Holt",433,"Roanoke",103,"United States"
11145,291,"Toni Holt",433,"Roanoke",103,"United States"
10463,291,"Toni Holt",433,"Roanoke",103,"United States"
747,291,"Toni Holt",433,"Roanoke",103,"United States"
3042,291,"Toni Holt",433,"Roanoke",103,"United States"
6185,294,"Shelly Watts",140,"Dayton",103,"United States"
10220,294,"Shelly Watts",140,"Dayton",103,"United States"
10186,294,"Shelly Watts",140,"Dayton",103,"United States"
12278,294,"Shelly Watts",140,"Dayton",103,"United States"
3681,294,"Shelly Watts",140,"Dayton",103,"United States"
3330,294,"Shelly Watts",140,"Dayton",103,"United States"
15839,294,"Shelly Watts",140,"Dayton",103,"United States"
7765,294,"Shelly Watts",140,"Dayton",103,"United States"
2900,294,"Shelly Watts",140,"Dayton",103,"United States"
4019,294,"Shelly Watts",140,"Dayton",103,"United States"
11981,294,"Shelly Watts",140,"Dayton",103,"United States"
11875,294,"Shelly Watts",140,"Dayton",103,"United States"
8843,294,"Shelly Watts",140,"Dayton",103,"United States"
7415,294,"Shelly Watts",140,"Dayton",103,"United States"
595,294,"Shelly Watts",140,"Dayton",103,"United States"
4786,294,"Shelly Watts",140,"Dayton",103,"United States"
9194,294,"Shelly Watts",140,"Dayton",103,"United States"
11390,294,"Shelly Watts",140,"Dayton",103,"United States"
11071,294,"Shelly Watts",140,"Dayton",103,"United States"
9522,294,"Shelly Watts",140,"Dayton",103,"United States"
9607,294,"Shelly Watts",140,"Dayton",103,"United States"
10642,294,"Shelly Watts",140,"Dayton",103,"United States"
10600,294,"Shelly Watts",140,"Dayton",103,"United States"
10551,294,"Shelly Watts",140,"Dayton",103,"United States"
14474,294,"Shelly Watts",140,"Dayton",103,"United States"
14630,294,"Shelly Watts",140,"Dayton",103,"United States"
9119,305,"Richard Mccrary",33,"Arlington",103,"United States"
12592,305,"Richard Mccrary",33,"Arlington",103,"United States"
3387,305,"Richard Mccrary",33,"Arlington",103,"United States"
6619,305,"Richard Mccrary",33,"Arlington",103,"United States"
6134,305,"Richard Mccrary",33,"Arlington",103,"United States"
10981,305,"Richard Mccrary",33,"Arlington",103,"United States"
5582,305,"Richard Mccrary",33,"Arlington",103,"United States"
11809,305,"Richard Mccrary",33,"Arlington",103,"United States"
4638,305,"Richard Mccrary",33,"Arlington",103,"United States"
10929,305,"Richard Mccrary",33,"Arlington",103,"United States"
5052,305,"Richard Mccrary",33,"Arlington",103,"United States"
5745,305,"Richard Mccrary",33,"Arlington",103,"United States"
12846,305,"Richard Mccrary",33,"Arlington",103,"United States"
4260,305,"Richard Mccrary",33,"Arlington",103,"United States"
69,305,"Richard Mccrary",33,"Arlington",103,"United States"
2166,305,"Richard Mccrary",33,"Arlington",103,"United States"
8865,305,"Richard Mccrary",33,"Arlington",103,"United States"
1884,305,"Richard Mccrary",33,"Arlington",103,"United States"
13782,305,"Richard Mccrary",33,"Arlington",103,"United States"
11035,305,"Richard Mccrary",33,"Arlington",103,"United States"
10426,305,"Richard Mccrary",33,"Arlington",103,"United States"
5041,305,"Richard Mccrary",33,"Arlington",103,"United States"
15417,305,"Richard Mccrary",33,"Arlington",103,"United States"
15612,305,"Richard Mccrary",33,"Arlington",103,"United States"
1574,305,"Richard Mccrary",33,"Arlington",103,"United States"
13365,307,"Joseph Joy",25,"Angra dos Reis",15,"Brazil"
15515,307,"Joseph Joy",25,"Angra dos Reis",15,"Brazil"
12391,307,"Joseph Joy",25,"Angra dos Reis",15,"Brazil"
614,307,"Joseph Joy",25,"Angra dos Reis",15,"Brazil"
2167,307,"Joseph Joy",25,"Angra dos Reis",15,"Brazil"
4522,307,"Joseph Joy",25,"Angra dos Reis",15,"Brazil"
7929,307,"Joseph Joy",25,"Angra dos Reis",15,"Brazil"
6991,307,"Joseph Joy",25,"Angra dos Reis",15,"Brazil"
970,307,"Joseph Joy",25,"Angra dos Reis",15,"Brazil"
2152,307,"Joseph Joy",25,"Angra dos Reis",15,"Brazil"
535,307,"Joseph Joy",25,"Angra dos Reis",15,"Brazil"
7536,307,"Joseph Joy",25,"Angra dos Reis",15,"Brazil"
10135,307,"Joseph Joy",25,"Angra dos Reis",15,"Brazil"
2787,307,"Joseph Joy",25,"Angra dos Reis",15,"Brazil"
2881,307,"Joseph Joy",25,"Angra dos Reis",15,"Brazil"
413,307,"Joseph Joy",25,"Angra dos Reis",15,"Brazil"
10745,307,"Joseph Joy",25,"Angra dos Reis",15,"Brazil"
8647,307,"Joseph Joy",25,"Angra dos Reis",15,"Brazil"
6125,307,"Joseph Joy",25,"Angra dos Reis",15,"Brazil"
5871,307,"Joseph Joy",25,"Angra dos Reis",15,"Brazil"
3985,307,"Joseph Joy",25,"Angra dos Reis",15,"Brazil"
6256,307,"Joseph Joy",25,"Angra dos Reis",15,"Brazil"
14231,307,"Joseph Joy",25,"Angra dos Reis",15,"Brazil"
7760,307,"Joseph Joy",25,"Angra dos Reis",15,"Brazil"
3962,307,"Joseph Joy",25,"Angra dos Reis",15,"Brazil"
3057,307,"Joseph Joy",25,"Angra dos Reis",15,"Brazil"
3209,307,"Joseph Joy",25,"Angra dos Reis",15,"Brazil"
4868,307,"Joseph Joy",25,"Angra dos Reis",15,"Brazil"
10374,307,"Joseph Joy",25,"Angra dos Reis",15,"Brazil"
11491,307,"Joseph Joy",25,"Angra dos Reis",15,"Brazil"
10571,308,"Thomas Grigsby",262,"Kansas City",103,"United States"
8869,308,"Thomas Grigsby",262,"Kansas City",103,"United States"
5946,308,"Thomas Grigsby",262,"Kansas City",103,"United States"
2346,308,"Thomas Grigsby",262,"Kansas City",103,"United States"
589,308,"Thomas Grigsby",262,"Kansas City",103,"United States"
2094,308,"Thomas Grigsby",262,"Kansas City",103,"United States"
15243,308,"Thomas Grigsby",262,"Kansas City",103,"United States"
2448,308,"Thomas Grigsby",262,"Kansas City",103,"United States"
15820,308,"Thomas Grigsby",262,"Kansas City",103,"United States"
12838,308,"Thomas Grigsby",262,"Kansas City",103,"United States"
2037,308,"Thomas Grigsby",262,"Kansas City",103,"United States"
14946,308,"Thomas Grigsby",262,"Kansas City",103,"United States"
10797,308,"Thomas Grigsby",262,"Kansas City",103,"United States"
15493,308,"Thomas Grigsby",262,"Kansas City",103,"United States"
10819,308,"Thomas Grigsby",262,"Kansas City",103,"United States"
9746,308,"Thomas Grigsby",262,"Kansas City",103,"United States"
13843,308,"Thomas Grigsby",262,"Kansas City",103,"United States"
4285,308,"Thomas Grigsby",262,"Kansas City",103,"United States"
9479,308,"Thomas Grigsby",262,"Kansas City",103,"United States"
12590,308,"Thomas Grigsby",262,"Kansas City",103,"United States"
11972,308,"Thomas Grigsby",262,"Kansas City",103,"United States"
4002,308,"Thomas Grigsby",262,"Kansas City",103,"United States"
2168,308,"Thomas Grigsby",262,"Kansas City",103,"United States"
12567,308,"Thomas Grigsby",262,"Kansas City",103,"United States"
11765,308,"Thomas Grigsby",262,"Kansas City",103,"United States"
12500,310,"Daniel Cabral",215,"Ibirit",15,"Brazil"
8637,310,"Daniel Cabral",215,"Ibirit",15,"Brazil"
7648,310,"Daniel Cabral",215,"Ibirit",15,"Brazil"
8981,310,"Daniel Cabral",215,"Ibirit",15,"Brazil"
9536,310,"Daniel Cabral",215,"Ibirit",15,"Brazil"
14972,310,"Daniel Cabral",215,"Ibirit",15,"Brazil"
1162,310,"Daniel Cabral",215,"Ibirit",15,"Brazil"
1333,310,"Daniel Cabral",215,"Ibirit",15,"Brazil"
1918,310,"Daniel Cabral",215,"Ibirit",15,"Brazil"
5836,310,"Daniel Cabral",215,"Ibirit",15,"Brazil"
5621,310,"Daniel Cabral",215,"Ibirit",15,"Brazil"
2088,310,"Daniel Cabral",215,"Ibirit",15,"Brazil"
11137,310,"Daniel Cabral",215,"Ibirit",15,"Brazil"
2480,310,"Daniel Cabral",215,"Ibirit",15,"Brazil"
104,310,"Daniel Cabral",215,"Ibirit",15,"Brazil"
2618,310,"Daniel Cabral",215,"Ibirit",15,"Brazil"
4072,310,"Daniel Cabral",215,"Ibirit",15,"Brazil"
3830,310,"Daniel Cabral",215,"Ibirit",15,"Brazil"
12929,310,"Daniel Cabral",215,"Ibirit",15,"Brazil"
12710,310,"Daniel Cabral",215,"Ibirit",15,"Brazil"
8105,314,"George Linton",490,"Sorocaba",15,"Brazil"
12434,314,"George Linton",490,"Sorocaba",15,"Brazil"
13553,314,"George Linton",490,"Sorocaba",15,"Brazil"
8073,314,"George Linton",490,"Sorocaba",15,"Brazil"
9191,314,"George Linton",490,"Sorocaba",15,"Brazil"
9318,314,"George Linton",490,"Sorocaba",15,"Brazil"
7004,314,"George Linton",490,"Sorocaba",15,"Brazil"
5241,314,"George Linton",490,"Sorocaba",15,"Brazil"
3517,314,"George Linton",490,"Sorocaba",15,"Brazil"
1624,314,"George Linton",490,"Sorocaba",15,"Brazil"
3656,314,"George Linton",490,"Sorocaba",15,"Brazil"
6192,314,"George Linton",490,"Sorocaba",15,"Brazil"
80,314,"George Linton",490,"Sorocaba",15,"Brazil"
8328,314,"George Linton",490,"Sorocaba",15,"Brazil"
14409,314,"George Linton",490,"Sorocaba",15,"Brazil"
3808,314,"George Linton",490,"Sorocaba",15,"Brazil"
14815,314,"George Linton",490,"Sorocaba",15,"Brazil"
14145,314,"George Linton",490,"Sorocaba",15,"Brazil"
8022,314,"George Linton",490,"Sorocaba",15,"Brazil"
8644,314,"George Linton",490,"Sorocaba",15,"Brazil"
5856,314,"George Linton",490,"Sorocaba",15,"Brazil"
6666,314,"George Linton",490,"Sorocaba",15,"Brazil"
14873,314,"George Linton",490,"Sorocaba",15,"Brazil"
11908,314,"George Linton",490,"Sorocaba",15,"Brazil"
16021,314,"George Linton",490,"Sorocaba",15,"Brazil"
440,314,"George Linton",490,"Sorocaba",15,"Brazil"
13120,314,"George Linton",490,"Sorocaba",15,"Brazil"
4386,314,"George Linton",490,"Sorocaba",15,"Brazil"
13265,314,"George Linton",490,"Sorocaba",15,"Brazil"
6763,314,"George Linton",490,"Sorocaba",15,"Brazil"
14682,314,"George Linton",490,"Sorocaba",15,"Brazil"
1598,314,"George Linton",490,"Sorocaba",15,"Brazil"
7276,314,"George Linton",490,"Sorocaba",15,"Brazil"
2502,325,"Timothy Bunn",89,"Braslia",15,"Brazil"
12779,325,"Timothy Bunn",89,"Braslia",15,"Brazil"
5470,325,"Timothy Bunn",89,"Braslia",15,"Brazil"
2507,325,"Timothy Bunn",89,"Braslia",15,"Brazil"
5740,325,"Timothy Bunn",89,"Braslia",15,"Brazil"
15009,325,"Timothy Bunn",89,"Braslia",15,"Brazil"
6622,325,"Timothy Bunn",89,"Braslia",15,"Brazil"
10412,325,"Timothy Bunn",89,"Braslia",15,"Brazil"
7687,325,"Timothy Bunn",89,"Braslia",15,"Brazil"
13054,325,"Timothy Bunn",89,"Braslia",15,"Brazil"
10070,325,"Timothy Bunn",89,"Braslia",15,"Brazil"
5775,325,"Timothy Bunn",89,"Braslia",15,"Brazil"
6135,325,"Timothy Bunn",89,"Braslia",15,"Brazil"
7223,325,"Timothy Bunn",89,"Braslia",15,"Brazil"
8539,325,"Timothy Bunn",89,"Braslia",15,"Brazil"
14452,325,"Timothy Bunn",89,"Braslia",15,"Brazil"
14672,325,"Timothy Bunn",89,"Braslia",15,"Brazil"
10326,325,"Timothy Bunn",89,"Braslia",15,"Brazil"
2808,325,"Timothy Bunn",89,"Braslia",15,"Brazil"
131,325,"Timothy Bunn",89,"Braslia",15,"Brazil"
12097,325,"Timothy Bunn",89,"Braslia",15,"Brazil"
10030,325,"Timothy Bunn",89,"Braslia",15,"Brazil"
5750,330,"Scott Shelley",42,"Aurora",103,"United States"
3061,330,"Scott Shelley",42,"Aurora",103,"United States"
12740,330,"Scott Shelley",42,"Aurora",103,"United States"
3760,330,"Scott Shelley",42,"Aurora",103,"United States"
6678,330,"Scott Shelley",42,"Aurora",103,"United States"
2936,330,"Scott Shelley",42,"Aurora",103,"United States"
6719,330,"Scott Shelley",42,"Aurora",103,"United States"
12062,330,"Scott Shelley",42,"Aurora",103,"United States"
704,330,"Scott Shelley",42,"Aurora",103,"United States"
6656,330,"Scott Shelley",42,"Aurora",103,"United States"
10100,330,"Scott Shelley",42,"Aurora",103,"United States"
2885,330,"Scott Shelley",42,"Aurora",103,"United States"
7894,330,"Scott Shelley",42,"Aurora",103,"United States"
5149,330,"Scott Shelley",42,"Aurora",103,"United States"
12394,330,"Scott Shelley",42,"Aurora",103,"United States"
11259,330,"Scott Shelley",42,"Aurora",103,"United States"
11709,330,"Scott Shelley",42,"Aurora",103,"United States"
4124,330,"Scott Shelley",42,"Aurora",103,"United States"
967,330,"Scott Shelley",42,"Aurora",103,"United States"
3603,330,"Scott Shelley",42,"Aurora",103,"United States"
8680,330,"Scott Shelley",42,"Aurora",103,"United States"
3659,330,"Scott Shelley",42,"Aurora",103,"United States"
1511,330,"Scott Shelley",42,"Aurora",103,"United States"
1219,330,"Scott Shelley",42,"Aurora",103,"United States"
12867,330,"Scott Shelley",42,"Aurora",103,"United States"
7280,342,"Harold Martino",84,"Boa Vista",15,"Brazil"
6429,342,"Harold Martino",84,"Boa Vista",15,"Brazil"
14683,342,"Harold Martino",84,"Boa Vista",15,"Brazil"
14299,342,"Harold Martino",84,"Boa Vista",15,"Brazil"
9956,342,"Harold Martino",84,"Boa Vista",15,"Brazil"
9955,342,"Harold Martino",84,"Boa Vista",15,"Brazil"
9948,342,"Harold Martino",84,"Boa Vista",15,"Brazil"
12816,342,"Harold Martino",84,"Boa Vista",15,"Brazil"
6060,342,"Harold Martino",84,"Boa Vista",15,"Brazil"
14096,342,"Harold Martino",84,"Boa Vista",15,"Brazil"
12404,342,"Harold Martino",84,"Boa Vista",15,"Brazil"
6736,342,"Harold Martino",84,"Boa Vista",15,"Brazil"
5617,342,"Harold Martino",84,"Boa Vista",15,"Brazil"
6787,342,"Harold Martino",84,"Boa Vista",15,"Brazil"
9526,342,"Harold Martino",84,"Boa Vista",15,"Brazil"
13827,342,"Harold Martino",84,"Boa Vista",15,"Brazil"
6997,342,"Harold Martino",84,"Boa Vista",15,"Brazil"
11178,342,"Harold Martino",84,"Boa Vista",15,"Brazil"
13755,342,"Harold Martino",84,"Boa Vista",15,"Brazil"
2190,342,"Harold Martino",84,"Boa Vista",15,"Brazil"
13637,342,"Harold Martino",84,"Boa Vista",15,"Brazil"
15484,342,"Harold Martino",84,"Boa Vista",15,"Brazil"
11446,342,"Harold Martino",84,"Boa Vista",15,"Brazil"
9164,342,"Harold Martino",84,"Boa Vista",15,"Brazil"
11568,342,"Harold Martino",84,"Boa Vista",15,"Brazil"
13368,342,"Harold Martino",84,"Boa Vista",15,"Brazil"
2914,342,"Harold Martino",84,"Boa Vista",15,"Brazil"
12139,342,"Harold Martino",84,"Boa Vista",15,"Brazil"
15895,342,"Harold Martino",84,"Boa Vista",15,"Brazil"
3081,342,"Harold Martino",84,"Boa Vista",15,"Brazil"
12522,342,"Harold Martino",84,"Boa Vista",15,"Brazil"
10242,342,"Harold Martino",84,"Boa Vista",15,"Brazil"
4449,354,"Justin Ngo",461,"Santo Andr",15,"Brazil"
12759,354,"Justin Ngo",461,"Santo Andr",15,"Brazil"
12998,354,"Justin Ngo",461,"Santo Andr",15,"Brazil"
14840,354,"Justin Ngo",461,"Santo Andr",15,"Brazil"
8609,354,"Justin Ngo",461,"Santo Andr",15,"Brazil"
5873,354,"Justin Ngo",461,"Santo Andr",15,"Brazil"
4034,354,"Justin Ngo",461,"Santo Andr",15,"Brazil"
402,354,"Justin Ngo",461,"Santo Andr",15,"Brazil"
6939,354,"Justin Ngo",461,"Santo Andr",15,"Brazil"
9130,354,"Justin Ngo",461,"Santo Andr",15,"Brazil"
7235,354,"Justin Ngo",461,"Santo Andr",15,"Brazil"
7241,354,"Justin Ngo",461,"Santo Andr",15,"Brazil"
5354,354,"Justin Ngo",461,"Santo Andr",15,"Brazil"
6926,354,"Justin Ngo",461,"Santo Andr",15,"Brazil"
4745,354,"Justin Ngo",461,"Santo Andr",15,"Brazil"
7148,354,"Justin Ngo",461,"Santo Andr",15,"Brazil"
3139,354,"Justin Ngo",461,"Santo Andr",15,"Brazil"
15956,354,"Justin Ngo",461,"Santo Andr",15,"Brazil"
12544,354,"Justin Ngo",461,"Santo Andr",15,"Brazil"
10420,354,"Justin Ngo",461,"Santo Andr",15,"Brazil"
12243,354,"Justin Ngo",461,"Santo Andr",15,"Brazil"
1491,354,"Justin Ngo",461,"Santo Andr",15,"Brazil"
8477,354,"Justin Ngo",461,"Santo Andr",15,"Brazil"
2275,354,"Justin Ngo",461,"Santo Andr",15,"Brazil"
14245,354,"Justin Ngo",461,"Santo Andr",15,"Brazil"
8921,354,"Justin Ngo",461,"Santo Andr",15,"Brazil"
158,354,"Justin Ngo",461,"Santo Andr",15,"Brazil"
6838,354,"Justin Ngo",461,"Santo Andr",15,"Brazil"
6054,354,"Justin Ngo",461,"Santo Andr",15,"Brazil"
11782,354,"Justin Ngo",461,"Santo Andr",15,"Brazil"
2769,354,"Justin Ngo",461,"Santo Andr",15,"Brazil"
140,354,"Justin Ngo",461,"Santo Andr",15,"Brazil"
8321,354,"Justin Ngo",461,"Santo Andr",15,"Brazil"
3821,354,"Justin Ngo",461,"Santo Andr",15,"Brazil"
5556,354,"Justin Ngo",461,"Santo Andr",15,"Brazil"
14212,354,"Justin Ngo",461,"Santo Andr",15,"Brazil"
10546,362,"Nicholas Barfield",66,"Belm",15,"Brazil"
14051,362,"Nicholas Barfield",66,"Belm",15,"Brazil"
8081,362,"Nicholas Barfield",66,"Belm",15,"Brazil"
8662,362,"Nicholas Barfield",66,"Belm",15,"Brazil"
1529,362,"Nicholas Barfield",66,"Belm",15,"Brazil"
14808,362,"Nicholas Barfield",66,"Belm",15,"Brazil"
9784,362,"Nicholas Barfield",66,"Belm",15,"Brazil"
1035,362,"Nicholas Barfield",66,"Belm",15,"Brazil"
7485,362,"Nicholas Barfield",66,"Belm",15,"Brazil"
4646,362,"Nicholas Barfield",66,"Belm",15,"Brazil"
3197,362,"Nicholas Barfield",66,"Belm",15,"Brazil"
14752,362,"Nicholas Barfield",66,"Belm",15,"Brazil"
12244,362,"Nicholas Barfield",66,"Belm",15,"Brazil"
8325,362,"Nicholas Barfield",66,"Belm",15,"Brazil"
14129,362,"Nicholas Barfield",66,"Belm",15,"Brazil"
1429,362,"Nicholas Barfield",66,"Belm",15,"Brazil"
14759,362,"Nicholas Barfield",66,"Belm",15,"Brazil"
6576,362,"Nicholas Barfield",66,"Belm",15,"Brazil"
5563,362,"Nicholas Barfield",66,"Belm",15,"Brazil"
1615,362,"Nicholas Barfield",66,"Belm",15,"Brazil"
7172,362,"Nicholas Barfield",66,"Belm",15,"Brazil"
8364,362,"Nicholas Barfield",66,"Belm",15,"Brazil"
6204,362,"Nicholas Barfield",66,"Belm",15,"Brazil"
6981,362,"Nicholas Barfield",66,"Belm",15,"Brazil"
13603,362,"Nicholas Barfield",66,"Belm",15,"Brazil"
5690,362,"Nicholas Barfield",66,"Belm",15,"Brazil"
14336,362,"Nicholas Barfield",66,"Belm",15,"Brazil"
3393,362,"Nicholas Barfield",66,"Belm",15,"Brazil"
5227,362,"Nicholas Barfield",66,"Belm",15,"Brazil"
8714,362,"Nicholas Barfield",66,"Belm",15,"Brazil"
14950,362,"Nicholas Barfield",66,"Belm",15,"Brazil"
12854,362,"Nicholas Barfield",66,"Belm",15,"Brazil"
13734,374,"Jeremy Hurtado",572,"Vitria de Santo Anto",15,"Brazil"
15053,374,"Jeremy Hurtado",572,"Vitria de Santo Anto",15,"Brazil"
910,374,"Jeremy Hurtado",572,"Vitria de Santo Anto",15,"Brazil"
15366,374,"Jeremy Hurtado",572,"Vitria de Santo Anto",15,"Brazil"
14524,374,"Jeremy Hurtado",572,"Vitria de Santo Anto",15,"Brazil"
1548,374,"Jeremy Hurtado",572,"Vitria de Santo Anto",15,"Brazil"
15966,374,"Jeremy Hurtado",572,"Vitria de Santo Anto",15,"Brazil"
9113,374,"Jeremy Hurtado",572,"Vitria de Santo Anto",15,"Brazil"
2487,374,"Jeremy Hurtado",572,"Vitria de Santo Anto",15,"Brazil"
5570,374,"Jeremy Hurtado",572,"Vitria de Santo Anto",15,"Brazil"
11619,374,"Jeremy Hurtado",572,"Vitria de Santo Anto",15,"Brazil"
13337,374,"Jeremy Hurtado",572,"Vitria de Santo Anto",15,"Brazil"
5591,374,"Jeremy Hurtado",572,"Vitria de Santo Anto",15,"Brazil"
2641,374,"Jeremy Hurtado",572,"Vitria de Santo Anto",15,"Brazil"
2046,374,"Jeremy Hurtado",572,"Vitria de Santo Anto",15,"Brazil"
521,374,"Jeremy Hurtado",572,"Vitria de Santo Anto",15,"Brazil"
10695,374,"Jeremy Hurtado",572,"Vitria de Santo Anto",15,"Brazil"
8586,374,"Jeremy Hurtado",572,"Vitria de Santo Anto",15,"Brazil"
5945,374,"Jeremy Hurtado",572,"Vitria de Santo Anto",15,"Brazil"
9866,374,"Jeremy Hurtado",572,"Vitria de Santo Anto",15,"Brazil"
6315,374,"Jeremy Hurtado",572,"Vitria de Santo Anto",15,"Brazil"
3797,374,"Jeremy Hurtado",572,"Vitria de Santo Anto",15,"Brazil"
12696,374,"Jeremy Hurtado",572,"Vitria de Santo Anto",15,"Brazil"
7837,374,"Jeremy Hurtado",572,"Vitria de Santo Anto",15,"Brazil"
5463,374,"Jeremy Hurtado",572,"Vitria de Santo Anto",15,"Brazil"
15202,374,"Jeremy Hurtado",572,"Vitria de Santo Anto",15,"Brazil"
919,374,"Jeremy Hurtado",572,"Vitria de Santo Anto",15,"Brazil"
15200,374,"Jeremy Hurtado",572,"Vitria de Santo Anto",15,"Brazil"
14009,382,"Victor Barkley",322,"Manchester",103,"United States"
7625,382,"Victor Barkley",322,"Manchester",103,"United States"
12229,382,"Victor Barkley",322,"Manchester",103,"United States"
9067,382,"Victor Barkley",322,"Manchester",103,"United States"
15939,382,"Victor Barkley",322,"Manchester",103,"United States"
2514,382,"Victor Barkley",322,"Manchester",103,"United States"
14300,382,"Victor Barkley",322,"Manchester",103,"United States"
2489,382,"Victor Barkley",322,"Manchester",103,"United States"
12529,382,"Victor Barkley",322,"Manchester",103,"United States"
9555,382,"Victor Barkley",322,"Manchester",103,"United States"
2468,382,"Victor Barkley",322,"Manchester",103,"United States"
14354,382,"Victor Barkley",322,"Manchester",103,"United States"
3125,382,"Victor Barkley",322,"Manchester",103,"United States"
356,382,"Victor Barkley",322,"Manchester",103,"United States"
2389,382,"Victor Barkley",322,"Manchester",103,"United States"
10327,382,"Victor Barkley",322,"Manchester",103,"United States"
5816,382,"Victor Barkley",322,"Manchester",103,"United States"
3480,382,"Victor Barkley",322,"Manchester",103,"United States"
8777,382,"Victor Barkley",322,"Manchester",103,"United States"
5004,382,"Victor Barkley",322,"Manchester",103,"United States"
4351,382,"Victor Barkley",322,"Manchester",103,"United States"
522,382,"Victor Barkley",322,"Manchester",103,"United States"
8871,382,"Victor Barkley",322,"Manchester",103,"United States"
8993,382,"Victor Barkley",322,"Manchester",103,"United States"
486,398,"Antonio Meek",44,"Bag",15,"Brazil"
9771,398,"Antonio Meek",44,"Bag",15,"Brazil"
2087,398,"Antonio Meek",44,"Bag",15,"Brazil"
12528,398,"Antonio Meek",44,"Bag",15,"Brazil"
1228,398,"Antonio Meek",44,"Bag",15,"Brazil"
9281,398,"Antonio Meek",44,"Bag",15,"Brazil"
8119,398,"Antonio Meek",44,"Bag",15,"Brazil"
8204,398,"Antonio Meek",44,"Bag",15,"Brazil"
8428,398,"Antonio Meek",44,"Bag",15,"Brazil"
10230,398,"Antonio Meek",44,"Bag",15,"Brazil"
9042,398,"Antonio Meek",44,"Bag",15,"Brazil"
5234,398,"Antonio Meek",44,"Bag",15,"Brazil"
3141,398,"Antonio Meek",44,"Bag",15,"Brazil"
13643,398,"Antonio Meek",44,"Bag",15,"Brazil"
15189,398,"Antonio Meek",44,"Bag",15,"Brazil"
11132,398,"Antonio Meek",44,"Bag",15,"Brazil"
5222,400,"Bryan Hardison",135,"Dallas",103,"United States"
7682,400,"Bryan Hardison",135,"Dallas",103,"United States"
7296,400,"Bryan Hardison",135,"Dallas",103,"United States"
9177,400,"Bryan Hardison",135,"Dallas",103,"United States"
6994,400,"Bryan Hardison",135,"Dallas",103,"United States"
6790,400,"Bryan Hardison",135,"Dallas",103,"United States"
9756,400,"Bryan Hardison",135,"Dallas",103,"United States"
10187,400,"Bryan Hardison",135,"Dallas",103,"United States"
10484,400,"Bryan Hardison",135,"Dallas",103,"United States"
10711,400,"Bryan Hardison",135,"Dallas",103,"United States"
5212,400,"Bryan Hardison",135,"Dallas",103,"United States"
11510,400,"Bryan Hardison",135,"Dallas",103,"United States"
11530,400,"Bryan Hardison",135,"Dallas",103,"United States"
4645,400,"Bryan Hardison",135,"Dallas",103,"United States"
11600,400,"Bryan Hardison",135,"Dallas",103,"United States"
4573,400,"Bryan Hardison",135,"Dallas",103,"United States"
15988,400,"Bryan Hardison",135,"Dallas",103,"United States"
95,400,"Bryan Hardison",135,"Dallas",103,"United States"
12514,400,"Bryan Hardison",135,"Dallas",103,"United States"
13449,400,"Bryan Hardison",135,"Dallas",103,"United States"
1923,400,"Bryan Hardison",135,"Dallas",103,"United States"
1917,400,"Bryan Hardison",135,"Dallas",103,"United States"
1364,400,"Bryan Hardison",135,"Dallas",103,"United States"
14775,400,"Bryan Hardison",135,"Dallas",103,"United States"
894,400,"Bryan Hardison",135,"Dallas",103,"United States"
15533,400,"Bryan Hardison",135,"Dallas",103,"United States"
516,400,"Bryan Hardison",135,"Dallas",103,"United States"
171,400,"Bryan Hardison",135,"Dallas",103,"United States"
5911,420,"Jacob Lance",155,"El Monte",103,"United States"
6086,420,"Jacob Lance",155,"El Monte",103,"United States"
8485,420,"Jacob Lance",155,"El Monte",103,"United States"
10601,420,"Jacob Lance",155,"El Monte",103,"United States"
4176,420,"Jacob Lance",155,"El Monte",103,"United States"
10766,420,"Jacob Lance",155,"El Monte",103,"United States"
14525,420,"Jacob Lance",155,"El Monte",103,"United States"
7081,420,"Jacob Lance",155,"El Monte",103,"United States"
2672,420,"Jacob Lance",155,"El Monte",103,"United States"
2698,420,"Jacob Lance",155,"El Monte",103,"United States"
5081,420,"Jacob Lance",155,"El Monte",103,"United States"
6096,420,"Jacob Lance",155,"El Monte",103,"United States"
6588,420,"Jacob Lance",155,"El Monte",103,"United States"
10291,420,"Jacob Lance",155,"El Monte",103,"United States"
2726,420,"Jacob Lance",155,"El Monte",103,"United States"
5168,420,"Jacob Lance",155,"El Monte",103,"United States"
6582,420,"Jacob Lance",155,"El Monte",103,"United States"
744,420,"Jacob Lance",155,"El Monte",103,"United States"
11236,420,"Jacob Lance",155,"El Monte",103,"United States"
9362,420,"Jacob Lance",155,"El Monte",103,"United States"
15597,420,"Jacob Lance",155,"El Monte",103,"United States"
8658,427,"Jesus Mccartney",189,"Guaruj",15,"Brazil"
8531,427,"Jesus Mccartney",189,"Guaruj",15,"Brazil"
13720,427,"Jesus Mccartney",189,"Guaruj",15,"Brazil"
1342,427,"Jesus Mccartney",189,"Guaruj",15,"Brazil"
11024,427,"Jesus Mccartney",189,"Guaruj",15,"Brazil"
5476,427,"Jesus Mccartney",189,"Guaruj",15,"Brazil"
1648,427,"Jesus Mccartney",189,"Guaruj",15,"Brazil"
82,427,"Jesus Mccartney",189,"Guaruj",15,"Brazil"
14201,427,"Jesus Mccartney",189,"Guaruj",15,"Brazil"
10464,427,"Jesus Mccartney",189,"Guaruj",15,"Brazil"
14287,427,"Jesus Mccartney",189,"Guaruj",15,"Brazil"
6423,427,"Jesus Mccartney",189,"Guaruj",15,"Brazil"
6509,427,"Jesus Mccartney",189,"Guaruj",15,"Brazil"
15330,427,"Jesus Mccartney",189,"Guaruj",15,"Brazil"
10417,427,"Jesus Mccartney",189,"Guaruj",15,"Brazil"
1628,427,"Jesus Mccartney",189,"Guaruj",15,"Brazil"
10560,427,"Jesus Mccartney",189,"Guaruj",15,"Brazil"
5586,427,"Jesus Mccartney",189,"Guaruj",15,"Brazil"
6938,427,"Jesus Mccartney",189,"Guaruj",15,"Brazil"
2466,427,"Jesus Mccartney",189,"Guaruj",15,"Brazil"
4793,427,"Jesus Mccartney",189,"Guaruj",15,"Brazil"
8182,427,"Jesus Mccartney",189,"Guaruj",15,"Brazil"
1857,427,"Jesus Mccartney",189,"Guaruj",15,"Brazil"
9978,427,"Jesus Mccartney",189,"Guaruj",15,"Brazil"
15393,443,"Francisco Skidmore",486,"So Leopoldo",15,"Brazil"
15519,443,"Francisco Skidmore",486,"So Leopoldo",15,"Brazil"
11449,443,"Francisco Skidmore",486,"So Leopoldo",15,"Brazil"
6983,443,"Francisco Skidmore",486,"So Leopoldo",15,"Brazil"
10014,443,"Francisco Skidmore",486,"So Leopoldo",15,"Brazil"
14561,443,"Francisco Skidmore",486,"So Leopoldo",15,"Brazil"
1068,443,"Francisco Skidmore",486,"So Leopoldo",15,"Brazil"
12415,443,"Francisco Skidmore",486,"So Leopoldo",15,"Brazil"
6625,443,"Francisco Skidmore",486,"So Leopoldo",15,"Brazil"
14611,443,"Francisco Skidmore",486,"So Leopoldo",15,"Brazil"
7667,443,"Francisco Skidmore",486,"So Leopoldo",15,"Brazil"
15182,443,"Francisco Skidmore",486,"So Leopoldo",15,"Brazil"
10081,443,"Francisco Skidmore",486,"So Leopoldo",15,"Brazil"
7317,443,"Francisco Skidmore",486,"So Leopoldo",15,"Brazil"
9740,443,"Francisco Skidmore",486,"So Leopoldo",15,"Brazil"
2871,443,"Francisco Skidmore",486,"So Leopoldo",15,"Brazil"
10360,443,"Francisco Skidmore",486,"So Leopoldo",15,"Brazil"
12857,443,"Francisco Skidmore",486,"So Leopoldo",15,"Brazil"
13489,443,"Francisco Skidmore",486,"So Leopoldo",15,"Brazil"
7987,443,"Francisco Skidmore",486,"So Leopoldo",15,"Brazil"
3510,443,"Francisco Skidmore",486,"So Leopoldo",15,"Brazil"
6913,443,"Francisco Skidmore",486,"So Leopoldo",15,"Brazil"
14327,457,"Bill Gavin",435,"Rockford",103,"United States"
1727,457,"Bill Gavin",435,"Rockford",103,"United States"
11956,457,"Bill Gavin",435,"Rockford",103,"United States"
12171,457,"Bill Gavin",435,"Rockford",103,"United States"
13088,457,"Bill Gavin",435,"Rockford",103,"United States"
5500,457,"Bill Gavin",435,"Rockford",103,"United States"
2811,457,"Bill Gavin",435,"Rockford",103,"United States"
1024,457,"Bill Gavin",435,"Rockford",103,"United States"
13934,457,"Bill Gavin",435,"Rockford",103,"United States"
2172,457,"Bill Gavin",435,"Rockford",103,"United States"
7184,457,"Bill Gavin",435,"Rockford",103,"United States"
15128,457,"Bill Gavin",435,"Rockford",103,"United States"
13150,457,"Bill Gavin",435,"Rockford",103,"United States"
1453,457,"Bill Gavin",435,"Rockford",103,"United States"
2762,457,"Bill Gavin",435,"Rockford",103,"United States"
3115,457,"Bill Gavin",435,"Rockford",103,"United States"
8373,457,"Bill Gavin",435,"Rockford",103,"United States"
10049,457,"Bill Gavin",435,"Rockford",103,"United States"
12645,457,"Bill Gavin",435,"Rockford",103,"United States"
6467,457,"Bill Gavin",435,"Rockford",103,"United States"
8502,457,"Bill Gavin",435,"Rockford",103,"United States"
2670,457,"Bill Gavin",435,"Rockford",103,"United States"
4600,457,"Bill Gavin",435,"Rockford",103,"United States"
14365,457,"Bill Gavin",435,"Rockford",103,"United States"
3184,457,"Bill Gavin",435,"Rockford",103,"United States"
14516,457,"Bill Gavin",435,"Rockford",103,"United States"
12115,457,"Bill Gavin",435,"Rockford",103,"United States"
2030,457,"Bill Gavin",435,"Rockford",103,"United States"
2376,479,"Zachary Hite",11,"Akron",103,"United States"
6084,479,"Zachary Hite",11,"Akron",103,"United States"
1902,479,"Zachary Hite",11,"Akron",103,"United States"
3798,479,"Zachary Hite",11,"Akron",103,"United States"
7893,479,"Zachary Hite",11,"Akron",103,"United States"
4183,479,"Zachary Hite",11,"Akron",103,"United States"
13078,479,"Zachary Hite",11,"Akron",103,"United States"
709,479,"Zachary Hite",11,"Akron",103,"United States"
11835,479,"Zachary Hite",11,"Akron",103,"United States"
2764,479,"Zachary Hite",11,"Akron",103,"United States"
7060,479,"Zachary Hite",11,"Akron",103,"United States"
9347,479,"Zachary Hite",11,"Akron",103,"United States"
3537,479,"Zachary Hite",11,"Akron",103,"United States"
11584,479,"Zachary Hite",11,"Akron",103,"United States"
9439,479,"Zachary Hite",11,"Akron",103,"United States"
12101,479,"Zachary Hite",11,"Akron",103,"United States"
12401,479,"Zachary Hite",11,"Akron",103,"United States"
6849,479,"Zachary Hite",11,"Akron",103,"United States"
10303,479,"Zachary Hite",11,"Akron",103,"United States"
9697,479,"Zachary Hite",11,"Akron",103,"United States"
9754,479,"Zachary Hite",11,"Akron",103,"United States"
6597,479,"Zachary Hite",11,"Akron",103,"United States"
132,479,"Zachary Hite",11,"Akron",103,"United States"
11109,479,"Zachary Hite",11,"Akron",103,"United States"
5481,479,"Zachary Hite",11,"Akron",103,"United States"
2071,479,"Zachary Hite",11,"Akron",103,"United States"
13974,479,"Zachary Hite",11,"Akron",103,"United States"
5751,479,"Zachary Hite",11,"Akron",103,"United States"
6421,479,"Zachary Hite",11,"Akron",103,"United States"
1987,479,"Zachary Hite",11,"Akron",103,"United States"
1947,479,"Zachary Hite",11,"Akron",103,"United States"
4757,504,"Nathaniel Adam",245,"Joliet",103,"United States"
11569,504,"Nathaniel Adam",245,"Joliet",103,"United States"
13387,504,"Nathaniel Adam",245,"Joliet",103,"United States"
12769,504,"Nathaniel Adam",245,"Joliet",103,"United States"
136,504,"Nathaniel Adam",245,"Joliet",103,"United States"
838,504,"Nathaniel Adam",245,"Joliet",103,"United States"
2720,504,"Nathaniel Adam",245,"Joliet",103,"United States"
13206,504,"Nathaniel Adam",245,"Joliet",103,"United States"
13166,504,"Nathaniel Adam",245,"Joliet",103,"United States"
16022,504,"Nathaniel Adam",245,"Joliet",103,"United States"
4329,504,"Nathaniel Adam",245,"Joliet",103,"United States"
3713,504,"Nathaniel Adam",245,"Joliet",103,"United States"
7342,504,"Nathaniel Adam",245,"Joliet",103,"United States"
15723,504,"Nathaniel Adam",245,"Joliet",103,"United States"
10397,504,"Nathaniel Adam",245,"Joliet",103,"United States"
7944,504,"Nathaniel Adam",245,"Joliet",103,"United States"
7567,504,"Nathaniel Adam",245,"Joliet",103,"United States"
10509,504,"Nathaniel Adam",245,"Joliet",103,"United States"
470,504,"Nathaniel Adam",245,"Joliet",103,"United States"
2938,504,"Nathaniel Adam",245,"Joliet",103,"United States"
7807,504,"Nathaniel Adam",245,"Joliet",103,"United States"
5153,504,"Nathaniel Adam",245,"Joliet",103,"United States"
8393,504,"Nathaniel Adam",245,"Joliet",103,"United States"
3712,504,"Nathaniel Adam",245,"Joliet",103,"United States"
15018,504,"Nathaniel Adam",245,"Joliet",103,"United States"
7875,504,"Nathaniel Adam",245,"Joliet",103,"United States"
13859,504,"Nathaniel Adam",245,"Joliet",103,"United States"
15166,504,"Nathaniel Adam",245,"Joliet",103,"United States"
10020,526,"Karl Seal",101,"Cape Coral",103,"United States"
3619,526,"Karl Seal",101,"Cape Coral",103,"United States"
2932,526,"Karl Seal",101,"Cape Coral",103,"United States"
3905,526,"Karl Seal",101,"Cape Coral",103,"United States"
2828,526,"Karl Seal",101,"Cape Coral",103,"United States"
13224,526,"Karl Seal",101,"Cape Coral",103,"United States"
4423,526,"Karl Seal",101,"Cape Coral",103,"United States"
11702,526,"Karl Seal",101,"Cape Coral",103,"United States"
11612,526,"Karl Seal",101,"Cape Coral",103,"United States"
11503,526,"Karl Seal",101,"Cape Coral",103,"United States"
2398,526,"Karl Seal",101,"Cape Coral",103,"United States"
13580,526,"Karl Seal",101,"Cape Coral",103,"United States"
13617,526,"Karl Seal",101,"Cape Coral",103,"United States"
5056,526,"Karl Seal",101,"Cape Coral",103,"United States"
5121,526,"Karl Seal",101,"Cape Coral",103,"United States"
16043,526,"Karl Seal",101,"Cape Coral",103,"United States"
11046,526,"Karl Seal",101,"Cape Coral",103,"United States"
1981,526,"Karl Seal",101,"Cape Coral",103,"United States"
1972,526,"Karl Seal",101,"Cape Coral",103,"United States"
1865,526,"Karl Seal",101,"Cape Coral",103,"United States"
1848,526,"Karl Seal",101,"Cape Coral",103,"United States"
10199,526,"Karl Seal",101,"Cape Coral",103,"United States"
14487,526,"Karl Seal",101,"Cape Coral",103,"United States"
6316,526,"Karl Seal",101,"Cape Coral",103,"United States"
6404,526,"Karl Seal",101,"Cape Coral",103,"United States"
14590,526,"Karl Seal",101,"Cape Coral",103,"United States"
1255,526,"Karl Seal",101,"Cape Coral",103,"United States"
6650,526,"Karl Seal",101,"Cape Coral",103,"United States"
6671,526,"Karl Seal",101,"Cape Coral",103,"United States"
9577,526,"Karl Seal",101,"Cape Coral",103,"United States"
1015,526,"Karl Seal",101,"Cape Coral",103,"United States"
15168,526,"Karl Seal",101,"Cape Coral",103,"United States"
8053,526,"Karl Seal",101,"Cape Coral",103,"United States"
15395,526,"Karl Seal",101,"Cape Coral",103,"United States"
7270,526,"Karl Seal",101,"Cape Coral",103,"United States"
679,526,"Karl Seal",101,"Cape Coral",103,"United States"
7343,526,"Karl Seal",101,"Cape Coral",103,"United States"
7399,526,"Karl Seal",101,"Cape Coral",103,"United States"
7543,526,"Karl Seal",101,"Cape Coral",103,"United States"
495,526,"Karl Seal",101,"Cape Coral",103,"United States"
8232,526,"Karl Seal",101,"Cape Coral",103,"United States"
8441,526,"Karl Seal",101,"Cape Coral",103,"United States"
7883,526,"Karl Seal",101,"Cape Coral",103,"United States"
12607,526,"Karl Seal",101,"Cape Coral",103,"United States"
3339,526,"Karl Seal",101,"Cape Coral",103,"United States"
14010,537,"Clinton Buford",42,"Aurora",103,"United States"
9967,537,"Clinton Buford",42,"Aurora",103,"United States"
2184,537,"Clinton Buford",42,"Aurora",103,"United States"
13885,537,"Clinton Buford",42,"Aurora",103,"United States"
3555,537,"Clinton Buford",42,"Aurora",103,"United States"
7810,537,"Clinton Buford",42,"Aurora",103,"United States"
6746,537,"Clinton Buford",42,"Aurora",103,"United States"
8256,537,"Clinton Buford",42,"Aurora",103,"United States"
5630,537,"Clinton Buford",42,"Aurora",103,"United States"
5877,537,"Clinton Buford",42,"Aurora",103,"United States"
603,537,"Clinton Buford",42,"Aurora",103,"United States"
7179,537,"Clinton Buford",42,"Aurora",103,"United States"
15832,537,"Clinton Buford",42,"Aurora",103,"United States"
1445,537,"Clinton Buford",42,"Aurora",103,"United States"
14670,537,"Clinton Buford",42,"Aurora",103,"United States"
3134,537,"Clinton Buford",42,"Aurora",103,"United States"
6409,537,"Clinton Buford",42,"Aurora",103,"United States"
3853,537,"Clinton Buford",42,"Aurora",103,"United States"
12984,537,"Clinton Buford",42,"Aurora",103,"United States"
14506,537,"Clinton Buford",42,"Aurora",103,"United States"
2586,537,"Clinton Buford",42,"Aurora",103,"United States"
13419,537,"Clinton Buford",42,"Aurora",103,"United States"
8126,537,"Clinton Buford",42,"Aurora",103,"United States"
15149,537,"Clinton Buford",42,"Aurora",103,"United States"
6310,537,"Clinton Buford",42,"Aurora",103,"United States"
10735,544,"Cody Nolen",485,"So Bernardo do Campo",15,"Brazil"
8566,544,"Cody Nolen",485,"So Bernardo do Campo",15,"Brazil"
397,544,"Cody Nolen",485,"So Bernardo do Campo",15,"Brazil"
15605,544,"Cody Nolen",485,"So Bernardo do Campo",15,"Brazil"
12640,544,"Cody Nolen",485,"So Bernardo do Campo",15,"Brazil"
8937,544,"Cody Nolen",485,"So Bernardo do Campo",15,"Brazil"
14651,544,"Cody Nolen",485,"So Bernardo do Campo",15,"Brazil"
14498,544,"Cody Nolen",485,"So Bernardo do Campo",15,"Brazil"
1248,544,"Cody Nolen",485,"So Bernardo do Campo",15,"Brazil"
8963,544,"Cody Nolen",485,"So Bernardo do Campo",15,"Brazil"
11401,544,"Cody Nolen",485,"So Bernardo do Campo",15,"Brazil"
2373,544,"Cody Nolen",485,"So Bernardo do Campo",15,"Brazil"
14981,544,"Cody Nolen",485,"So Bernardo do Campo",15,"Brazil"
2395,544,"Cody Nolen",485,"So Bernardo do Campo",15,"Brazil"
4847,544,"Cody Nolen",485,"So Bernardo do Campo",15,"Brazil"
14142,544,"Cody Nolen",485,"So Bernardo do Campo",15,"Brazil"
15219,544,"Cody Nolen",485,"So Bernardo do Campo",15,"Brazil"
4703,544,"Cody Nolen",485,"So Bernardo do Campo",15,"Brazil"
864,544,"Cody Nolen",485,"So Bernardo do Campo",15,"Brazil"
11766,544,"Cody Nolen",485,"So Bernardo do Campo",15,"Brazil"
4395,544,"Cody Nolen",485,"So Bernardo do Campo",15,"Brazil"
1434,544,"Cody Nolen",485,"So Bernardo do Campo",15,"Brazil"
5528,551,"Clayton Barbee",21,"Alvorada",15,"Brazil"
2069,551,"Clayton Barbee",21,"Alvorada",15,"Brazil"
11883,551,"Clayton Barbee",21,"Alvorada",15,"Brazil"
155,551,"Clayton Barbee",21,"Alvorada",15,"Brazil"
3996,551,"Clayton Barbee",21,"Alvorada",15,"Brazil"
7095,551,"Clayton Barbee",21,"Alvorada",15,"Brazil"
728,551,"Clayton Barbee",21,"Alvorada",15,"Brazil"
15377,551,"Clayton Barbee",21,"Alvorada",15,"Brazil"
15390,551,"Clayton Barbee",21,"Alvorada",15,"Brazil"
969,551,"Clayton Barbee",21,"Alvorada",15,"Brazil"
13439,551,"Clayton Barbee",21,"Alvorada",15,"Brazil"
9287,551,"Clayton Barbee",21,"Alvorada",15,"Brazil"
795,551,"Clayton Barbee",21,"Alvorada",15,"Brazil"
5201,551,"Clayton Barbee",21,"Alvorada",15,"Brazil"
11380,551,"Clayton Barbee",21,"Alvorada",15,"Brazil"
14833,551,"Clayton Barbee",21,"Alvorada",15,"Brazil"
12868,551,"Clayton Barbee",21,"Alvorada",15,"Brazil"
8986,551,"Clayton Barbee",21,"Alvorada",15,"Brazil"
9765,551,"Clayton Barbee",21,"Alvorada",15,"Brazil"
1005,551,"Clayton Barbee",21,"Alvorada",15,"Brazil"
14609,551,"Clayton Barbee",21,"Alvorada",15,"Brazil"
14420,551,"Clayton Barbee",21,"Alvorada",15,"Brazil"
2776,551,"Clayton Barbee",21,"Alvorada",15,"Brazil"
6041,551,"Clayton Barbee",21,"Alvorada",15,"Brazil"
14633,551,"Clayton Barbee",21,"Alvorada",15,"Brazil"
12208,551,"Clayton Barbee",21,"Alvorada",15,"Brazil"
11402,561,"Ian Still",178,"Garland",103,"United States"
1193,561,"Ian Still",178,"Garland",103,"United States"
3427,561,"Ian Still",178,"Garland",103,"United States"
11371,561,"Ian Still",178,"Garland",103,"United States"
1620,561,"Ian Still",178,"Garland",103,"United States"
6843,561,"Ian Still",178,"Garland",103,"United States"
2119,561,"Ian Still",178,"Garland",103,"United States"
14139,561,"Ian Still",178,"Garland",103,"United States"
6435,561,"Ian Still",178,"Garland",103,"United States"
15946,561,"Ian Still",178,"Garland",103,"United States"
10907,561,"Ian Still",178,"Garland",103,"United States"
971,561,"Ian Still",178,"Garland",103,"United States"
14415,561,"Ian Still",178,"Garland",103,"United States"
1505,561,"Ian Still",178,"Garland",103,"United States"
8504,561,"Ian Still",178,"Garland",103,"United States"
2548,561,"Ian Still",178,"Garland",103,"United States"
10317,561,"Ian Still",178,"Garland",103,"United States"
2950,561,"Ian Still",178,"Garland",103,"United States"
902,561,"Ian Still",178,"Garland",103,"United States"
15573,561,"Ian Still",178,"Garland",103,"United States"
12441,561,"Ian Still",178,"Garland",103,"United States"
9839,561,"Ian Still",178,"Garland",103,"United States"
6361,561,"Ian Still",178,"Garland",103,"United States"
7698,561,"Ian Still",178,"Garland",103,"United States"
2357,561,"Ian Still",178,"Garland",103,"United States"
3160,561,"Ian Still",178,"Garland",103,"United States"
6621,561,"Ian Still",178,"Garland",103,"United States"
3636,591,"Kent Arsenault",248,"Juiz de Fora",15,"Brazil"
5704,591,"Kent Arsenault",248,"Juiz de Fora",15,"Brazil"
12227,591,"Kent Arsenault",248,"Juiz de Fora",15,"Brazil"
1418,591,"Kent Arsenault",248,"Juiz de Fora",15,"Brazil"
13867,591,"Kent Arsenault",248,"Juiz de Fora",15,"Brazil"
9684,591,"Kent Arsenault",248,"Juiz de Fora",15,"Brazil"
12571,591,"Kent Arsenault",248,"Juiz de Fora",15,"Brazil"
13343,591,"Kent Arsenault",248,"Juiz de Fora",15,"Brazil"
4581,591,"Kent Arsenault",248,"Juiz de Fora",15,"Brazil"
7118,591,"Kent Arsenault",248,"Juiz de Fora",15,"Brazil"
4383,591,"Kent Arsenault",248,"Juiz de Fora",15,"Brazil"
7212,591,"Kent Arsenault",248,"Juiz de Fora",15,"Brazil"
3341,591,"Kent Arsenault",248,"Juiz de Fora",15,"Brazil"
13104,591,"Kent Arsenault",248,"Juiz de Fora",15,"Brazil"
3435,591,"Kent Arsenault",248,"Juiz de Fora",15,"Brazil"
7511,591,"Kent Arsenault",248,"Juiz de Fora",15,"Brazil"
8819,591,"Kent Arsenault",248,"Juiz de Fora",15,"Brazil"
7549,591,"Kent Arsenault",248,"Juiz de Fora",15,"Brazil"
7997,591,"Kent Arsenault",248,"Juiz de Fora",15,"Brazil"
12547,591,"Kent Arsenault",248,"Juiz de Fora",15,"Brazil"
8666,591,"Kent Arsenault",248,"Juiz de Fora",15,"Brazil"
12934,591,"Kent Arsenault",248,"Juiz de Fora",15,"Brazil"
7741,591,"Kent Arsenault",248,"Juiz de Fora",15,"Brazil"
12203,591,"Kent Arsenault",248,"Juiz de Fora",15,"Brazil"
10415,591,"Kent Arsenault",248,"Juiz de Fora",15,"Brazil"
8149,591,"Kent Arsenault",248,"Juiz de Fora",15,"Brazil"
5759,591,"Kent Arsenault",248,"Juiz de Fora",15,"Brazil"
4280,593,"Rene Mcalister",177,"Garden Grove",103,"United States"
10368,593,"Rene Mcalister",177,"Garden Grove",103,"United States"
6386,593,"Rene Mcalister",177,"Garden Grove",103,"United States"
790,593,"Rene Mcalister",177,"Garden Grove",103,"United States"
9329,593,"Rene Mcalister",177,"Garden Grove",103,"United States"
10533,593,"Rene Mcalister",177,"Garden Grove",103,"United States"
2055,593,"Rene Mcalister",177,"Garden Grove",103,"United States"
14408,593,"Rene Mcalister",177,"Garden Grove",103,"United States"
4623,593,"Rene Mcalister",177,"Garden Grove",103,"United States"
9483,593,"Rene Mcalister",177,"Garden Grove",103,"United States"
4781,593,"Rene Mcalister",177,"Garden Grove",103,"United States"
3542,593,"Rene Mcalister",177,"Garden Grove",103,"United States"
2441,593,"Rene Mcalister",177,"Garden Grove",103,"United States"
991,593,"Rene Mcalister",177,"Garden Grove",103,"United States"
13524,593,"Rene Mcalister",177,"Garden Grove",103,"United States"
4867,593,"Rene Mcalister",177,"Garden Grove",103,"United States"
6731,593,"Rene Mcalister",177,"Garden Grove",103,"United States"
7958,593,"Rene Mcalister",177,"Garden Grove",103,"United States"
8497,593,"Rene Mcalister",177,"Garden Grove",103,"United States"
2205,593,"Rene Mcalister",177,"Garden Grove",103,"United States"
10904,593,"Rene Mcalister",177,"Garden Grove",103,"United States"
4075,593,"Rene Mcalister",177,"Garden Grove",103,"United States"
12744,593,"Rene Mcalister",177,"Garden Grove",103,"United States"
14653,593,"Rene Mcalister",177,"Garden Grove",103,"United States"
2832,593,"Rene Mcalister",177,"Garden Grove",103,"United States"
10840,593,"Rene Mcalister",177,"Garden Grove",103,"United States"
